{
	"credit": "Made with Blockbench",
	"textures": {
		"0": "custom/longbow/0/a_longbow_pulling_0",
		"1": "custom/longbow/0/b_longbow_pulling_0",
		"2": "custom/longbow/arrow_tip",
		"particle": "custom/longbow/0/a_longbow_pulling_0"
	},
	"elements": [
		{
			"name": "a_longbow_pulling_0_0",
			"from": [6, 14, 8],
			"to": [10, 16, 9],
			"faces": {
				"north": {"uv": [10, 0, 6, 2], "texture": "#0"},
				"east": {"uv": [9, 0, 10, 2], "texture": "#0"},
				"south": {"uv": [6, 0, 10, 2], "texture": "#0"},
				"west": {"uv": [6, 0, 7, 2], "texture": "#0"},
				"up": {"uv": [6, 0, 10, 1], "texture": "#0"},
				"down": {"uv": [6, 1, 10, 2], "texture": "#0"}
			}
		},
		{
			"name": "a_longbow_pulling_0_1",
			"from": [5, 8, 8],
			"to": [6, 15, 9],
			"faces": {
				"north": {"uv": [6, 1, 5, 8], "texture": "#0"},
				"east": {"uv": [5, 1, 6, 8], "texture": "#0"},
				"south": {"uv": [5, 1, 6, 8], "texture": "#0"},
				"west": {"uv": [5, 1, 6, 8], "texture": "#0"},
				"up": {"uv": [5, 1, 6, 2], "texture": "#0"},
				"down": {"uv": [5, 7, 6, 8], "texture": "#0"}
			}
		},
		{
			"name": "a_longbow_pulling_0_2",
			"from": [10, 13, 8],
			"to": [11, 15, 9],
			"faces": {
				"north": {"uv": [11, 1, 10, 3], "texture": "#0"},
				"east": {"uv": [10, 1, 11, 3], "texture": "#0"},
				"south": {"uv": [10, 1, 11, 3], "texture": "#0"},
				"west": {"uv": [10, 1, 11, 3], "texture": "#0"},
				"up": {"uv": [10, 1, 11, 2], "texture": "#0"},
				"down": {"uv": [10, 2, 11, 3], "texture": "#0"}
			}
		},
		{
			"name": "a_longbow_pulling_0_3",
			"from": [6, 13, 8],
			"to": [8, 14, 9],
			"faces": {
				"north": {"uv": [8, 2, 6, 3], "texture": "#0"},
				"east": {"uv": [7, 2, 8, 3], "texture": "#0"},
				"south": {"uv": [6, 2, 8, 3], "texture": "#0"},
				"west": {"uv": [6, 2, 7, 3], "texture": "#0"},
				"up": {"uv": [6, 2, 8, 3], "texture": "#0"},
				"down": {"uv": [6, 2, 8, 3], "texture": "#0"}
			}
		},
		{
			"name": "a_longbow_pulling_0_4",
			"from": [11, 12, 8],
			"to": [12, 14, 9],
			"faces": {
				"north": {"uv": [12, 2, 11, 4], "texture": "#0"},
				"east": {"uv": [11, 2, 12, 4], "texture": "#0"},
				"south": {"uv": [11, 2, 12, 4], "texture": "#0"},
				"west": {"uv": [11, 2, 12, 4], "texture": "#0"},
				"up": {"uv": [11, 2, 12, 3], "texture": "#0"},
				"down": {"uv": [11, 3, 12, 4], "texture": "#0"}
			}
		},
		{
			"name": "a_longbow_pulling_0_5",
			"from": [4, 6, 8],
			"to": [5, 13, 9],
			"faces": {
				"north": {"uv": [5, 3, 4, 10], "texture": "#0"},
				"east": {"uv": [4, 3, 5, 10], "texture": "#0"},
				"south": {"uv": [4, 3, 5, 10], "texture": "#0"},
				"west": {"uv": [4, 3, 5, 10], "texture": "#0"},
				"up": {"uv": [4, 3, 5, 4], "texture": "#0"},
				"down": {"uv": [4, 9, 5, 10], "texture": "#0"}
			}
		},
		{
			"name": "a_longbow_pulling_0_6",
			"from": [6, 10, 8],
			"to": [7, 13, 9],
			"faces": {
				"north": {"uv": [7, 3, 6, 6], "texture": "#0"},
				"east": {"uv": [6, 3, 7, 6], "texture": "#0"},
				"south": {"uv": [6, 3, 7, 6], "texture": "#0"},
				"west": {"uv": [6, 3, 7, 6], "texture": "#0"},
				"up": {"uv": [6, 3, 7, 4], "texture": "#0"},
				"down": {"uv": [6, 5, 7, 6], "texture": "#0"}
			}
		},
		{
			"name": "a_longbow_pulling_0_7",
			"from": [12, 11, 8],
			"to": [13, 13, 9],
			"faces": {
				"north": {"uv": [13, 3, 12, 5], "texture": "#0"},
				"east": {"uv": [12, 3, 13, 5], "texture": "#0"},
				"south": {"uv": [12, 3, 13, 5], "texture": "#0"},
				"west": {"uv": [12, 3, 13, 5], "texture": "#0"},
				"up": {"uv": [12, 3, 13, 4], "texture": "#0"},
				"down": {"uv": [12, 4, 13, 5], "texture": "#0"}
			}
		},
		{
			"name": "a_longbow_pulling_0_8",
			"from": [13, 10, 8],
			"to": [14, 12, 9],
			"faces": {
				"north": {"uv": [14, 4, 13, 6], "texture": "#0"},
				"east": {"uv": [13, 4, 14, 6], "texture": "#0"},
				"south": {"uv": [13, 4, 14, 6], "texture": "#0"},
				"west": {"uv": [13, 4, 14, 6], "texture": "#0"},
				"up": {"uv": [13, 4, 14, 5], "texture": "#0"},
				"down": {"uv": [13, 5, 14, 6], "texture": "#0"}
			}
		},
		{
			"name": "a_longbow_pulling_0_9",
			"from": [3, 3, 8],
			"to": [4, 11, 9],
			"faces": {
				"north": {"uv": [4, 5, 3, 13], "texture": "#0"},
				"east": {"uv": [3, 5, 4, 13], "texture": "#0"},
				"south": {"uv": [3, 5, 4, 13], "texture": "#0"},
				"west": {"uv": [3, 5, 4, 13], "texture": "#0"},
				"up": {"uv": [3, 5, 4, 6], "texture": "#0"},
				"down": {"uv": [3, 12, 4, 13], "texture": "#0"}
			}
		},
		{
			"name": "a_longbow_pulling_0_10",
			"from": [14, 10, 8],
			"to": [16, 11, 9],
			"faces": {
				"north": {"uv": [16, 5, 14, 6], "texture": "#0"},
				"east": {"uv": [15, 5, 16, 6], "texture": "#0"},
				"south": {"uv": [14, 5, 16, 6], "texture": "#0"},
				"west": {"uv": [14, 5, 15, 6], "texture": "#0"},
				"up": {"uv": [14, 5, 16, 6], "texture": "#0"},
				"down": {"uv": [14, 5, 16, 6], "texture": "#0"}
			}
		},
		{
			"name": "a_longbow_pulling_0_11",
			"from": [14, 9, 8],
			"to": [15, 10, 9],
			"faces": {
				"north": {"uv": [15, 6, 14, 7], "texture": "#0"},
				"east": {"uv": [14, 6, 15, 7], "texture": "#0"},
				"south": {"uv": [14, 6, 15, 7], "texture": "#0"},
				"west": {"uv": [14, 6, 15, 7], "texture": "#0"},
				"up": {"uv": [14, 6, 15, 7], "texture": "#0"},
				"down": {"uv": [14, 6, 15, 7], "texture": "#0"}
			}
		},
		{
			"name": "a_longbow_pulling_0_12",
			"from": [2, 1, 8],
			"to": [3, 9, 9],
			"faces": {
				"north": {"uv": [3, 7, 2, 15], "texture": "#0"},
				"east": {"uv": [2, 7, 3, 15], "texture": "#0"},
				"south": {"uv": [2, 7, 3, 15], "texture": "#0"},
				"west": {"uv": [2, 7, 3, 15], "texture": "#0"},
				"up": {"uv": [2, 7, 3, 8], "texture": "#0"},
				"down": {"uv": [2, 14, 3, 15], "texture": "#0"}
			}
		},
		{
			"name": "a_longbow_pulling_0_13",
			"from": [13, 8, 8],
			"to": [14, 9, 9],
			"faces": {
				"north": {"uv": [14, 7, 13, 8], "texture": "#0"},
				"east": {"uv": [13, 7, 14, 8], "texture": "#0"},
				"south": {"uv": [13, 7, 14, 8], "texture": "#0"},
				"west": {"uv": [13, 7, 14, 8], "texture": "#0"},
				"up": {"uv": [13, 7, 14, 8], "texture": "#0"},
				"down": {"uv": [13, 7, 14, 8], "texture": "#0"}
			}
		},
		{
			"name": "a_longbow_pulling_0_14",
			"from": [11, 7, 8],
			"to": [13, 8, 9],
			"faces": {
				"north": {"uv": [13, 8, 11, 9], "texture": "#0"},
				"east": {"uv": [12, 8, 13, 9], "texture": "#0"},
				"south": {"uv": [11, 8, 13, 9], "texture": "#0"},
				"west": {"uv": [11, 8, 12, 9], "texture": "#0"},
				"up": {"uv": [11, 8, 13, 9], "texture": "#0"},
				"down": {"uv": [11, 8, 13, 9], "texture": "#0"}
			}
		},
		{
			"name": "a_longbow_pulling_0_15",
			"from": [10, 6, 8],
			"to": [11, 7, 9],
			"faces": {
				"north": {"uv": [11, 9, 10, 10], "texture": "#0"},
				"east": {"uv": [10, 9, 11, 10], "texture": "#0"},
				"south": {"uv": [10, 9, 11, 10], "texture": "#0"},
				"west": {"uv": [10, 9, 11, 10], "texture": "#0"},
				"up": {"uv": [10, 9, 11, 10], "texture": "#0"},
				"down": {"uv": [10, 9, 11, 10], "texture": "#0"}
			}
		},
		{
			"name": "a_longbow_pulling_0_16",
			"from": [1, 0, 8],
			"to": [2, 6, 9],
			"faces": {
				"north": {"uv": [2, 10, 1, 16], "texture": "#0"},
				"east": {"uv": [1, 10, 2, 16], "texture": "#0"},
				"south": {"uv": [1, 10, 2, 16], "texture": "#0"},
				"west": {"uv": [1, 10, 2, 16], "texture": "#0"},
				"up": {"uv": [1, 10, 2, 11], "texture": "#0"},
				"down": {"uv": [1, 15, 2, 16], "texture": "#0"}
			}
		},
		{
			"name": "a_longbow_pulling_0_17",
			"from": [8, 5, 8],
			"to": [10, 6, 9],
			"faces": {
				"north": {"uv": [10, 10, 8, 11], "texture": "#0"},
				"east": {"uv": [9, 10, 10, 11], "texture": "#0"},
				"south": {"uv": [8, 10, 10, 11], "texture": "#0"},
				"west": {"uv": [8, 10, 9, 11], "texture": "#0"},
				"up": {"uv": [8, 10, 10, 11], "texture": "#0"},
				"down": {"uv": [8, 10, 10, 11], "texture": "#0"}
			}
		},
		{
			"name": "a_longbow_pulling_0_18",
			"from": [7, 4, 8],
			"to": [8, 5, 9],
			"faces": {
				"north": {"uv": [8, 11, 7, 12], "texture": "#0"},
				"east": {"uv": [7, 11, 8, 12], "texture": "#0"},
				"south": {"uv": [7, 11, 8, 12], "texture": "#0"},
				"west": {"uv": [7, 11, 8, 12], "texture": "#0"},
				"up": {"uv": [7, 11, 8, 12], "texture": "#0"},
				"down": {"uv": [7, 11, 8, 12], "texture": "#0"}
			}
		},
		{
			"name": "a_longbow_pulling_0_19",
			"from": [5, 3, 8],
			"to": [7, 4, 9],
			"faces": {
				"north": {"uv": [7, 12, 5, 13], "texture": "#0"},
				"east": {"uv": [6, 12, 7, 13], "texture": "#0"},
				"south": {"uv": [5, 12, 7, 13], "texture": "#0"},
				"west": {"uv": [5, 12, 6, 13], "texture": "#0"},
				"up": {"uv": [5, 12, 7, 13], "texture": "#0"},
				"down": {"uv": [5, 12, 7, 13], "texture": "#0"}
			}
		},
		{
			"name": "a_longbow_pulling_0_20",
			"from": [0, 1, 8],
			"to": [1, 3, 9],
			"faces": {
				"north": {"uv": [1, 13, 0, 15], "texture": "#0"},
				"east": {"uv": [0, 13, 1, 15], "texture": "#0"},
				"south": {"uv": [0, 13, 1, 15], "texture": "#0"},
				"west": {"uv": [0, 13, 1, 15], "texture": "#0"},
				"up": {"uv": [0, 13, 1, 14], "texture": "#0"},
				"down": {"uv": [0, 14, 1, 15], "texture": "#0"}
			}
		},
		{
			"name": "a_longbow_pulling_0_21",
			"from": [4, 2, 8],
			"to": [5, 3, 9],
			"faces": {
				"north": {"uv": [5, 13, 4, 14], "texture": "#0"},
				"east": {"uv": [4, 13, 5, 14], "texture": "#0"},
				"south": {"uv": [4, 13, 5, 14], "texture": "#0"},
				"west": {"uv": [4, 13, 5, 14], "texture": "#0"},
				"up": {"uv": [4, 13, 5, 14], "texture": "#0"},
				"down": {"uv": [4, 13, 5, 14], "texture": "#0"}
			}
		},
		{
			"name": "a_longbow_pulling_0_22",
			"from": [3, 1, 8],
			"to": [4, 2, 9],
			"faces": {
				"north": {"uv": [4, 14, 3, 15], "texture": "#0"},
				"east": {"uv": [3, 14, 4, 15], "texture": "#0"},
				"south": {"uv": [3, 14, 4, 15], "texture": "#0"},
				"west": {"uv": [3, 14, 4, 15], "texture": "#0"},
				"up": {"uv": [3, 14, 4, 15], "texture": "#0"},
				"down": {"uv": [3, 14, 4, 15], "texture": "#0"}
			}
		},
		{
			"name": "b_longbow_pulling_0_0",
			"from": [21, 21, 8],
			"to": [23, 24, 9],
			"faces": {
				"north": {"uv": [15, 0, 13, 3], "texture": "#1"},
				"east": {"uv": [14, 0, 15, 3], "texture": "#1"},
				"south": {"uv": [13, 0, 15, 3], "texture": "#1"},
				"west": {"uv": [13, 0, 14, 3], "texture": "#1"},
				"up": {"uv": [13, 0, 15, 1], "texture": "#1"},
				"down": {"uv": [13, 2, 15, 3], "texture": "#1"}
			}
		},
		{
			"name": "b_longbow_pulling_0_1",
			"from": [18, 20, 8],
			"to": [21, 23, 9],
			"faces": {
				"north": {"uv": [13, 1, 10, 4], "texture": "#1"},
				"east": {"uv": [12, 1, 13, 4], "texture": "#1"},
				"south": {"uv": [10, 1, 13, 4], "texture": "#1"},
				"west": {"uv": [10, 1, 11, 4], "texture": "#1"},
				"up": {"uv": [10, 1, 13, 2], "texture": "#1"},
				"down": {"uv": [10, 3, 13, 4], "texture": "#1"}
			}
		},
		{
			"name": "b_longbow_pulling_0_2",
			"from": [23, 22, 8],
			"to": [24, 23, 9],
			"faces": {
				"north": {"uv": [16, 1, 15, 2], "texture": "#1"},
				"east": {"uv": [15, 1, 16, 2], "texture": "#1"},
				"south": {"uv": [15, 1, 16, 2], "texture": "#1"},
				"west": {"uv": [15, 1, 16, 2], "texture": "#1"},
				"up": {"uv": [15, 1, 16, 2], "texture": "#1"},
				"down": {"uv": [15, 1, 16, 2], "texture": "#1"}
			}
		},
		{
			"name": "b_longbow_pulling_0_3",
			"from": [15, 19, 8],
			"to": [18, 22, 9],
			"faces": {
				"north": {"uv": [10, 2, 7, 5], "texture": "#1"},
				"east": {"uv": [9, 2, 10, 5], "texture": "#1"},
				"south": {"uv": [7, 2, 10, 5], "texture": "#1"},
				"west": {"uv": [7, 2, 8, 5], "texture": "#1"},
				"up": {"uv": [7, 2, 10, 3], "texture": "#1"},
				"down": {"uv": [7, 4, 10, 5], "texture": "#1"}
			}
		},
		{
			"name": "b_longbow_pulling_0_4",
			"from": [13, 18, 8],
			"to": [15, 21, 9],
			"faces": {
				"north": {"uv": [7, 3, 5, 6], "texture": "#1"},
				"east": {"uv": [6, 3, 7, 6], "texture": "#1"},
				"south": {"uv": [5, 3, 7, 6], "texture": "#1"},
				"west": {"uv": [5, 3, 6, 6], "texture": "#1"},
				"up": {"uv": [5, 3, 7, 4], "texture": "#1"},
				"down": {"uv": [5, 5, 7, 6], "texture": "#1"}
			}
		},
		{
			"name": "b_longbow_pulling_0_5",
			"from": [22, 20, 8],
			"to": [23, 21, 9],
			"faces": {
				"north": {"uv": [15, 3, 14, 4], "texture": "#1"},
				"east": {"uv": [14, 3, 15, 4], "texture": "#1"},
				"south": {"uv": [14, 3, 15, 4], "texture": "#1"},
				"west": {"uv": [14, 3, 15, 4], "texture": "#1"},
				"up": {"uv": [14, 3, 15, 4], "texture": "#1"},
				"down": {"uv": [14, 3, 15, 4], "texture": "#1"}
			}
		},
		{
			"name": "b_longbow_pulling_0_6",
			"from": [11, 17, 8],
			"to": [13, 20, 9],
			"faces": {
				"north": {"uv": [5, 4, 3, 7], "texture": "#1"},
				"east": {"uv": [4, 4, 5, 7], "texture": "#1"},
				"south": {"uv": [3, 4, 5, 7], "texture": "#1"},
				"west": {"uv": [3, 4, 4, 7], "texture": "#1"},
				"up": {"uv": [3, 4, 5, 5], "texture": "#1"},
				"down": {"uv": [3, 6, 5, 7], "texture": "#1"}
			}
		},
		{
			"name": "b_longbow_pulling_0_7",
			"from": [21, 19, 8],
			"to": [22, 20, 9],
			"faces": {
				"north": {"uv": [14, 4, 13, 5], "texture": "#1"},
				"east": {"uv": [13, 4, 14, 5], "texture": "#1"},
				"south": {"uv": [13, 4, 14, 5], "texture": "#1"},
				"west": {"uv": [13, 4, 14, 5], "texture": "#1"},
				"up": {"uv": [13, 4, 14, 5], "texture": "#1"},
				"down": {"uv": [13, 4, 14, 5], "texture": "#1"}
			}
		},
		{
			"name": "b_longbow_pulling_0_8",
			"from": [9, 16, 8],
			"to": [11, 19, 9],
			"faces": {
				"north": {"uv": [3, 5, 1, 8], "texture": "#1"},
				"east": {"uv": [2, 5, 3, 8], "texture": "#1"},
				"south": {"uv": [1, 5, 3, 8], "texture": "#1"},
				"west": {"uv": [1, 5, 2, 8], "texture": "#1"},
				"up": {"uv": [1, 5, 3, 6], "texture": "#1"},
				"down": {"uv": [1, 7, 3, 8], "texture": "#1"}
			}
		},
		{
			"name": "b_longbow_pulling_0_9",
			"from": [15, 18, 8],
			"to": [16, 19, 9],
			"faces": {
				"north": {"uv": [8, 5, 7, 6], "texture": "#1"},
				"east": {"uv": [7, 5, 8, 6], "texture": "#1"},
				"south": {"uv": [7, 5, 8, 6], "texture": "#1"},
				"west": {"uv": [7, 5, 8, 6], "texture": "#1"},
				"up": {"uv": [7, 5, 8, 6], "texture": "#1"},
				"down": {"uv": [7, 5, 8, 6], "texture": "#1"}
			}
		},
		{
			"name": "b_longbow_pulling_0_10",
			"from": [20, 17, 8],
			"to": [21, 19, 9],
			"faces": {
				"north": {"uv": [13, 5, 12, 7], "texture": "#1"},
				"east": {"uv": [12, 5, 13, 7], "texture": "#1"},
				"south": {"uv": [12, 5, 13, 7], "texture": "#1"},
				"west": {"uv": [12, 5, 13, 7], "texture": "#1"},
				"up": {"uv": [12, 5, 13, 6], "texture": "#1"},
				"down": {"uv": [12, 6, 13, 7], "texture": "#1"}
			}
		},
		{
			"name": "b_longbow_pulling_0_11",
			"from": [8, 14, 8],
			"to": [9, 18, 9],
			"faces": {
				"north": {"uv": [1, 6, 0, 10], "texture": "#1"},
				"east": {"uv": [0, 6, 1, 10], "texture": "#1"},
				"south": {"uv": [0, 6, 1, 10], "texture": "#1"},
				"west": {"uv": [0, 6, 1, 10], "texture": "#1"},
				"up": {"uv": [0, 6, 1, 7], "texture": "#1"},
				"down": {"uv": [0, 9, 1, 10], "texture": "#1"}
			}
		},
		{
			"name": "b_longbow_pulling_0_12",
			"from": [13, 17, 8],
			"to": [14, 18, 9],
			"faces": {
				"north": {"uv": [6, 6, 5, 7], "texture": "#1"},
				"east": {"uv": [5, 6, 6, 7], "texture": "#1"},
				"south": {"uv": [5, 6, 6, 7], "texture": "#1"},
				"west": {"uv": [5, 6, 6, 7], "texture": "#1"},
				"up": {"uv": [5, 6, 6, 7], "texture": "#1"},
				"down": {"uv": [5, 6, 6, 7], "texture": "#1"}
			}
		},
		{
			"name": "b_longbow_pulling_0_13",
			"from": [19, 16, 8],
			"to": [20, 17, 9],
			"faces": {
				"north": {"uv": [12, 7, 11, 8], "texture": "#1"},
				"east": {"uv": [11, 7, 12, 8], "texture": "#1"},
				"south": {"uv": [11, 7, 12, 8], "texture": "#1"},
				"west": {"uv": [11, 7, 12, 8], "texture": "#1"},
				"up": {"uv": [11, 7, 12, 8], "texture": "#1"},
				"down": {"uv": [11, 7, 12, 8], "texture": "#1"}
			}
		},
		{
			"name": "b_longbow_pulling_0_14",
			"from": [9, 14, 8],
			"to": [10, 16, 9],
			"faces": {
				"north": {"uv": [2, 8, 1, 10], "texture": "#1"},
				"east": {"uv": [1, 8, 2, 10], "texture": "#1"},
				"south": {"uv": [1, 8, 2, 10], "texture": "#1"},
				"west": {"uv": [1, 8, 2, 10], "texture": "#1"},
				"up": {"uv": [1, 8, 2, 9], "texture": "#1"},
				"down": {"uv": [1, 9, 2, 10], "texture": "#1"}
			}
		},
		{
			"name": "b_longbow_pulling_0_15",
			"from": [18, 14, 8],
			"to": [19, 16, 9],
			"faces": {
				"north": {"uv": [11, 8, 10, 10], "texture": "#1"},
				"east": {"uv": [10, 8, 11, 10], "texture": "#1"},
				"south": {"uv": [10, 8, 11, 10], "texture": "#1"},
				"west": {"uv": [10, 8, 11, 10], "texture": "#1"},
				"up": {"uv": [10, 8, 11, 9], "texture": "#1"},
				"down": {"uv": [10, 9, 11, 10], "texture": "#1"}
			}
		},
		{
			"name": "b_longbow_pulling_0_16",
			"from": [10, 13, 8],
			"to": [11, 15, 9],
			"faces": {
				"north": {"uv": [3, 9, 2, 11], "texture": "#1"},
				"east": {"uv": [2, 9, 3, 11], "texture": "#1"},
				"south": {"uv": [2, 9, 3, 11], "texture": "#1"},
				"west": {"uv": [2, 9, 3, 11], "texture": "#1"},
				"up": {"uv": [2, 9, 3, 10], "texture": "#1"},
				"down": {"uv": [2, 10, 3, 11], "texture": "#1"}
			}
		},
		{
			"name": "b_longbow_pulling_0_17",
			"from": [11, 12, 8],
			"to": [12, 14, 9],
			"faces": {
				"north": {"uv": [4, 10, 3, 12], "texture": "#1"},
				"east": {"uv": [3, 10, 4, 12], "texture": "#1"},
				"south": {"uv": [3, 10, 4, 12], "texture": "#1"},
				"west": {"uv": [3, 10, 4, 12], "texture": "#1"},
				"up": {"uv": [3, 10, 4, 11], "texture": "#1"},
				"down": {"uv": [3, 11, 4, 12], "texture": "#1"}
			}
		},
		{
			"name": "b_longbow_pulling_0_18",
			"from": [17, 13, 8],
			"to": [18, 14, 9],
			"faces": {
				"north": {"uv": [10, 10, 9, 11], "texture": "#1"},
				"east": {"uv": [9, 10, 10, 11], "texture": "#1"},
				"south": {"uv": [9, 10, 10, 11], "texture": "#1"},
				"west": {"uv": [9, 10, 10, 11], "texture": "#1"},
				"up": {"uv": [9, 10, 10, 11], "texture": "#1"},
				"down": {"uv": [9, 10, 10, 11], "texture": "#1"}
			}
		},
		{
			"name": "b_longbow_pulling_0_19",
			"from": [12, 11, 8],
			"to": [13, 13, 9],
			"faces": {
				"north": {"uv": [5, 11, 4, 13], "texture": "#1"},
				"east": {"uv": [4, 11, 5, 13], "texture": "#1"},
				"south": {"uv": [4, 11, 5, 13], "texture": "#1"},
				"west": {"uv": [4, 11, 5, 13], "texture": "#1"},
				"up": {"uv": [4, 11, 5, 12], "texture": "#1"},
				"down": {"uv": [4, 12, 5, 13], "texture": "#1"}
			}
		},
		{
			"name": "b_longbow_pulling_0_20",
			"from": [16, 11, 8],
			"to": [17, 13, 9],
			"faces": {
				"north": {"uv": [9, 11, 8, 13], "texture": "#1"},
				"east": {"uv": [8, 11, 9, 13], "texture": "#1"},
				"south": {"uv": [8, 11, 9, 13], "texture": "#1"},
				"west": {"uv": [8, 11, 9, 13], "texture": "#1"},
				"up": {"uv": [8, 11, 9, 12], "texture": "#1"},
				"down": {"uv": [8, 12, 9, 13], "texture": "#1"}
			}
		},
		{
			"name": "b_longbow_pulling_0_21",
			"from": [13, 10, 8],
			"to": [14, 12, 9],
			"faces": {
				"north": {"uv": [6, 12, 5, 14], "texture": "#1"},
				"east": {"uv": [5, 12, 6, 14], "texture": "#1"},
				"south": {"uv": [5, 12, 6, 14], "texture": "#1"},
				"west": {"uv": [5, 12, 6, 14], "texture": "#1"},
				"up": {"uv": [5, 12, 6, 13], "texture": "#1"},
				"down": {"uv": [5, 13, 6, 14], "texture": "#1"}
			}
		},
		{
			"name": "b_longbow_pulling_0_22",
			"from": [14, 10, 8],
			"to": [16, 11, 9],
			"faces": {
				"north": {"uv": [8, 13, 6, 14], "texture": "#1"},
				"east": {"uv": [7, 13, 8, 14], "texture": "#1"},
				"south": {"uv": [6, 13, 8, 14], "texture": "#1"},
				"west": {"uv": [6, 13, 7, 14], "texture": "#1"},
				"up": {"uv": [6, 13, 8, 14], "texture": "#1"},
				"down": {"uv": [6, 13, 8, 14], "texture": "#1"}
			}
		},
		{
			"name": "b_longbow_pulling_0_23",
			"from": [14, 9, 8],
			"to": [15, 10, 9],
			"faces": {
				"north": {"uv": [7, 14, 6, 15], "texture": "#1"},
				"east": {"uv": [6, 14, 7, 15], "texture": "#1"},
				"south": {"uv": [6, 14, 7, 15], "texture": "#1"},
				"west": {"uv": [6, 14, 7, 15], "texture": "#1"},
				"up": {"uv": [6, 14, 7, 15], "texture": "#1"},
				"down": {"uv": [6, 14, 7, 15], "texture": "#1"}
			}
		},
		{
			"name": "b_longbow_pulling_0_24",
			"from": [13, 8, 8],
			"to": [14, 9, 9],
			"faces": {
				"north": {"uv": [6, 15, 5, 16], "texture": "#1"},
				"east": {"uv": [5, 15, 6, 16], "texture": "#1"},
				"south": {"uv": [5, 15, 6, 16], "texture": "#1"},
				"west": {"uv": [5, 15, 6, 16], "texture": "#1"},
				"up": {"uv": [5, 15, 6, 16], "texture": "#1"},
				"down": {"uv": [5, 15, 6, 16], "texture": "#1"}
			}
		},
		{
			"name": "arrow_tip_0",
			"from": [3, 20, 8],
			"to": [4, 22, 9],
			"faces": {
				"north": {"uv": [12, 10, 11, 12], "texture": "#2"},
				"east": {"uv": [11, 10, 12, 12], "texture": "#2"},
				"south": {"uv": [11, 10, 12, 12], "texture": "#2"},
				"west": {"uv": [11, 10, 12, 12], "texture": "#2"},
				"up": {"uv": [11, 10, 12, 11], "texture": "#2"},
				"down": {"uv": [11, 11, 12, 12], "texture": "#2"}
			}
		},
		{
			"name": "arrow_tip_1",
			"from": [4, 19, 8],
			"to": [5, 21, 9],
			"faces": {
				"north": {"uv": [13, 11, 12, 13], "texture": "#2"},
				"east": {"uv": [12, 11, 13, 13], "texture": "#2"},
				"south": {"uv": [12, 11, 13, 13], "texture": "#2"},
				"west": {"uv": [12, 11, 13, 13], "texture": "#2"},
				"up": {"uv": [12, 11, 13, 12], "texture": "#2"},
				"down": {"uv": [12, 12, 13, 13], "texture": "#2"}
			}
		},
		{
			"name": "arrow_tip_2",
			"from": [5, 18, 8],
			"to": [6, 20, 9],
			"faces": {
				"north": {"uv": [14, 12, 13, 14], "texture": "#2"},
				"east": {"uv": [13, 12, 14, 14], "texture": "#2"},
				"south": {"uv": [13, 12, 14, 14], "texture": "#2"},
				"west": {"uv": [13, 12, 14, 14], "texture": "#2"},
				"up": {"uv": [13, 12, 14, 13], "texture": "#2"},
				"down": {"uv": [13, 13, 14, 14], "texture": "#2"}
			}
		},
		{
			"name": "arrow_tip_3",
			"from": [6, 17, 8],
			"to": [7, 19, 9],
			"faces": {
				"north": {"uv": [15, 13, 14, 15], "texture": "#2"},
				"east": {"uv": [14, 13, 15, 15], "texture": "#2"},
				"south": {"uv": [14, 13, 15, 15], "texture": "#2"},
				"west": {"uv": [14, 13, 15, 15], "texture": "#2"},
				"up": {"uv": [14, 13, 15, 14], "texture": "#2"},
				"down": {"uv": [14, 14, 15, 15], "texture": "#2"}
			}
		},
		{
			"name": "arrow_tip_4",
			"from": [7, 16, 8],
			"to": [8, 18, 9],
			"faces": {
				"north": {"uv": [16, 14, 15, 16], "texture": "#2"},
				"east": {"uv": [15, 14, 16, 16], "texture": "#2"},
				"south": {"uv": [15, 14, 16, 16], "texture": "#2"},
				"west": {"uv": [15, 14, 16, 16], "texture": "#2"},
				"up": {"uv": [15, 14, 16, 15], "texture": "#2"},
				"down": {"uv": [15, 15, 16, 16], "texture": "#2"}
			}
		}
	],
	"gui_light": "front",
	"display": {
		"thirdperson_righthand": {
			"rotation": [-45, -95, 0],
			"translation": [0.5, -6.25, 3.75],
			"scale": [0.7, 0.7, 0.7]
		},
		"thirdperson_lefthand": {
			"rotation": [45, 95, -90],
			"translation": [0.5, -5.75, 3.75],
			"scale": [0.7, 0.7, 0.7]
		},
		"firstperson_righthand": {
			"rotation": [0, -90, 35],
			"translation": [2.5, 1, 0],
			"scale": [0.75, 0.75, 0.75]
		},
		"firstperson_lefthand": {
			"rotation": [0, 90, -35],
			"translation": [3, 1, 0],
			"scale": [0.75, 0.75, 0.75]
		},
		"ground": {
			"translation": [0, 0.5, 0],
			"scale": [0.4, 0.4, 0.4]
		},
		"gui": {
			"translation": [-2.75, -2.75, 0],
			"scale": [0.7, 0.7, 0.7]
		},
		"head": {
			"scale": [0.75, 0.75, 0.75]
		},
		"fixed": {
			"translation": [-3, -2.75, 0],
			"scale": [0.75, 0.75, 0.75]
		}
	},
	"groups": [
		{
			"name": "a_longbow_pulling_0",
			"origin": [8, 8, 8],
			"color": 0,
			"children": [0, 1, 2, 3, 4, 5, 6, 7, 8, 9, 10, 11, 12, 13, 14, 15, 16, 17, 18, 19, 20, 21, 22]
		},
		{
			"name": "b_longbow_pulling_0",
			"origin": [8, 8, 8],
			"color": 0,
			"children": []
		},
		{
			"name": "b_longbow_pulling_0",
			"origin": [8, 8, 8],
			"color": 0,
			"children": [23, 24, 25, 26, 27, 28, 29, 30, 31, 32, 33, 34, 35, 36, 37, 38, 39, 40, 41, 42, 43, 44, 45, 46, 47]
		},
		{
			"name": "arrow_tip",
			"origin": [8, 8, 8],
			"color": 0,
			"children": [48, 49, 50, 51, 52]
		}
	]
}