{
	"credit": "Made with Blockbench",
	"textures": {
		"0": "custom/longbow/longbow_2",
		"1": "custom/longbow/longbow_1",
		"particle": "custom/longbow/longbow_2"
	},
	"elements": [
		{
			"name": "longbow_2_0",
			"from": [6, 14, 8],
			"to": [9, 16, 9],
			"faces": {
				"north": {"uv": [9, 0, 6, 2], "texture": "#0"},
				"east": {"uv": [8, 0, 9, 2], "texture": "#0"},
				"south": {"uv": [6, 0, 9, 2], "texture": "#0"},
				"west": {"uv": [6, 0, 7, 2], "texture": "#0"},
				"up": {"uv": [6, 0, 9, 1], "texture": "#0"},
				"down": {"uv": [6, 1, 9, 2], "texture": "#0"}
			}
		},
		{
			"name": "longbow_2_1",
			"from": [9, 15, 8],
			"to": [10, 16, 9],
			"faces": {
				"north": {"uv": [10, 0, 9, 1], "texture": "#0"},
				"east": {"uv": [9, 0, 10, 1], "texture": "#0"},
				"south": {"uv": [9, 0, 10, 1], "texture": "#0"},
				"west": {"uv": [9, 0, 10, 1], "texture": "#0"},
				"up": {"uv": [9, 0, 10, 1], "texture": "#0"},
				"down": {"uv": [9, 0, 10, 1], "texture": "#0"}
			}
		},
		{
			"name": "longbow_2_2",
			"from": [5, 8, 8],
			"to": [6, 15, 9],
			"faces": {
				"north": {"uv": [6, 1, 5, 8], "texture": "#0"},
				"east": {"uv": [5, 1, 6, 8], "texture": "#0"},
				"south": {"uv": [5, 1, 6, 8], "texture": "#0"},
				"west": {"uv": [5, 1, 6, 8], "texture": "#0"},
				"up": {"uv": [5, 1, 6, 2], "texture": "#0"},
				"down": {"uv": [5, 7, 6, 8], "texture": "#0"}
			}
		},
		{
			"name": "longbow_2_3",
			"from": [6, 13, 8],
			"to": [8, 14, 9],
			"faces": {
				"north": {"uv": [8, 2, 6, 3], "texture": "#0"},
				"east": {"uv": [7, 2, 8, 3], "texture": "#0"},
				"south": {"uv": [6, 2, 8, 3], "texture": "#0"},
				"west": {"uv": [6, 2, 7, 3], "texture": "#0"},
				"up": {"uv": [6, 2, 8, 3], "texture": "#0"},
				"down": {"uv": [6, 2, 8, 3], "texture": "#0"}
			}
		},
		{
			"name": "longbow_2_4",
			"from": [15, 13, 8],
			"to": [16, 14, 9],
			"faces": {
				"north": {"uv": [16, 2, 15, 3], "texture": "#0"},
				"east": {"uv": [15, 2, 16, 3], "texture": "#0"},
				"south": {"uv": [15, 2, 16, 3], "texture": "#0"},
				"west": {"uv": [15, 2, 16, 3], "texture": "#0"},
				"up": {"uv": [15, 2, 16, 3], "texture": "#0"},
				"down": {"uv": [15, 2, 16, 3], "texture": "#0"}
			}
		},
		{
			"name": "longbow_2_5",
			"from": [4, 6, 8],
			"to": [5, 13, 9],
			"faces": {
				"north": {"uv": [5, 3, 4, 10], "texture": "#0"},
				"east": {"uv": [4, 3, 5, 10], "texture": "#0"},
				"south": {"uv": [4, 3, 5, 10], "texture": "#0"},
				"west": {"uv": [4, 3, 5, 10], "texture": "#0"},
				"up": {"uv": [4, 3, 5, 4], "texture": "#0"},
				"down": {"uv": [4, 9, 5, 10], "texture": "#0"}
			}
		},
		{
			"name": "longbow_2_6",
			"from": [6, 10, 8],
			"to": [7, 13, 9],
			"faces": {
				"north": {"uv": [7, 3, 6, 6], "texture": "#0"},
				"east": {"uv": [6, 3, 7, 6], "texture": "#0"},
				"south": {"uv": [6, 3, 7, 6], "texture": "#0"},
				"west": {"uv": [6, 3, 7, 6], "texture": "#0"},
				"up": {"uv": [6, 3, 7, 4], "texture": "#0"},
				"down": {"uv": [6, 5, 7, 6], "texture": "#0"}
			}
		},
		{
			"name": "longbow_2_7",
			"from": [14, 12, 8],
			"to": [15, 13, 9],
			"faces": {
				"north": {"uv": [15, 3, 14, 4], "texture": "#0"},
				"east": {"uv": [14, 3, 15, 4], "texture": "#0"},
				"south": {"uv": [14, 3, 15, 4], "texture": "#0"},
				"west": {"uv": [14, 3, 15, 4], "texture": "#0"},
				"up": {"uv": [14, 3, 15, 4], "texture": "#0"},
				"down": {"uv": [14, 3, 15, 4], "texture": "#0"}
			}
		},
		{
			"name": "longbow_2_8",
			"from": [13, 11, 8],
			"to": [14, 12, 9],
			"faces": {
				"north": {"uv": [14, 4, 13, 5], "texture": "#0"},
				"east": {"uv": [13, 4, 14, 5], "texture": "#0"},
				"south": {"uv": [13, 4, 14, 5], "texture": "#0"},
				"west": {"uv": [13, 4, 14, 5], "texture": "#0"},
				"up": {"uv": [13, 4, 14, 5], "texture": "#0"},
				"down": {"uv": [13, 4, 14, 5], "texture": "#0"}
			}
		},
		{
			"name": "longbow_2_9",
			"from": [3, 3, 8],
			"to": [4, 11, 9],
			"faces": {
				"north": {"uv": [4, 5, 3, 13], "texture": "#0"},
				"east": {"uv": [3, 5, 4, 13], "texture": "#0"},
				"south": {"uv": [3, 5, 4, 13], "texture": "#0"},
				"west": {"uv": [3, 5, 4, 13], "texture": "#0"},
				"up": {"uv": [3, 5, 4, 6], "texture": "#0"},
				"down": {"uv": [3, 12, 4, 13], "texture": "#0"}
			}
		},
		{
			"name": "longbow_2_10",
			"from": [12, 10, 8],
			"to": [13, 11, 9],
			"faces": {
				"north": {"uv": [13, 5, 12, 6], "texture": "#0"},
				"east": {"uv": [12, 5, 13, 6], "texture": "#0"},
				"south": {"uv": [12, 5, 13, 6], "texture": "#0"},
				"west": {"uv": [12, 5, 13, 6], "texture": "#0"},
				"up": {"uv": [12, 5, 13, 6], "texture": "#0"},
				"down": {"uv": [12, 5, 13, 6], "texture": "#0"}
			}
		},
		{
			"name": "longbow_2_11",
			"from": [11, 9, 8],
			"to": [12, 10, 9],
			"faces": {
				"north": {"uv": [12, 6, 11, 7], "texture": "#0"},
				"east": {"uv": [11, 6, 12, 7], "texture": "#0"},
				"south": {"uv": [11, 6, 12, 7], "texture": "#0"},
				"west": {"uv": [11, 6, 12, 7], "texture": "#0"},
				"up": {"uv": [11, 6, 12, 7], "texture": "#0"},
				"down": {"uv": [11, 6, 12, 7], "texture": "#0"}
			}
		},
		{
			"name": "longbow_2_12",
			"from": [2, 1, 8],
			"to": [3, 9, 9],
			"faces": {
				"north": {"uv": [3, 7, 2, 15], "texture": "#0"},
				"east": {"uv": [2, 7, 3, 15], "texture": "#0"},
				"south": {"uv": [2, 7, 3, 15], "texture": "#0"},
				"west": {"uv": [2, 7, 3, 15], "texture": "#0"},
				"up": {"uv": [2, 7, 3, 8], "texture": "#0"},
				"down": {"uv": [2, 14, 3, 15], "texture": "#0"}
			}
		},
		{
			"name": "longbow_2_13",
			"from": [10, 8, 8],
			"to": [11, 9, 9],
			"faces": {
				"north": {"uv": [11, 7, 10, 8], "texture": "#0"},
				"east": {"uv": [10, 7, 11, 8], "texture": "#0"},
				"south": {"uv": [10, 7, 11, 8], "texture": "#0"},
				"west": {"uv": [10, 7, 11, 8], "texture": "#0"},
				"up": {"uv": [10, 7, 11, 8], "texture": "#0"},
				"down": {"uv": [10, 7, 11, 8], "texture": "#0"}
			}
		},
		{
			"name": "longbow_2_14",
			"from": [9, 7, 8],
			"to": [10, 8, 9],
			"faces": {
				"north": {"uv": [10, 8, 9, 9], "texture": "#0"},
				"east": {"uv": [9, 8, 10, 9], "texture": "#0"},
				"south": {"uv": [9, 8, 10, 9], "texture": "#0"},
				"west": {"uv": [9, 8, 10, 9], "texture": "#0"},
				"up": {"uv": [9, 8, 10, 9], "texture": "#0"},
				"down": {"uv": [9, 8, 10, 9], "texture": "#0"}
			}
		},
		{
			"name": "longbow_2_15",
			"from": [8, 6, 8],
			"to": [9, 7, 9],
			"faces": {
				"north": {"uv": [9, 9, 8, 10], "texture": "#0"},
				"east": {"uv": [8, 9, 9, 10], "texture": "#0"},
				"south": {"uv": [8, 9, 9, 10], "texture": "#0"},
				"west": {"uv": [8, 9, 9, 10], "texture": "#0"},
				"up": {"uv": [8, 9, 9, 10], "texture": "#0"},
				"down": {"uv": [8, 9, 9, 10], "texture": "#0"}
			}
		},
		{
			"name": "longbow_2_16",
			"from": [1, 0, 8],
			"to": [2, 6, 9],
			"faces": {
				"north": {"uv": [2, 10, 1, 16], "texture": "#0"},
				"east": {"uv": [1, 10, 2, 16], "texture": "#0"},
				"south": {"uv": [1, 10, 2, 16], "texture": "#0"},
				"west": {"uv": [1, 10, 2, 16], "texture": "#0"},
				"up": {"uv": [1, 10, 2, 11], "texture": "#0"},
				"down": {"uv": [1, 15, 2, 16], "texture": "#0"}
			}
		},
		{
			"name": "longbow_2_17",
			"from": [7, 5, 8],
			"to": [8, 6, 9],
			"faces": {
				"north": {"uv": [8, 10, 7, 11], "texture": "#0"},
				"east": {"uv": [7, 10, 8, 11], "texture": "#0"},
				"south": {"uv": [7, 10, 8, 11], "texture": "#0"},
				"west": {"uv": [7, 10, 8, 11], "texture": "#0"},
				"up": {"uv": [7, 10, 8, 11], "texture": "#0"},
				"down": {"uv": [7, 10, 8, 11], "texture": "#0"}
			}
		},
		{
			"name": "longbow_2_18",
			"from": [6, 4, 8],
			"to": [7, 5, 9],
			"faces": {
				"north": {"uv": [7, 11, 6, 12], "texture": "#0"},
				"east": {"uv": [6, 11, 7, 12], "texture": "#0"},
				"south": {"uv": [6, 11, 7, 12], "texture": "#0"},
				"west": {"uv": [6, 11, 7, 12], "texture": "#0"},
				"up": {"uv": [6, 11, 7, 12], "texture": "#0"},
				"down": {"uv": [6, 11, 7, 12], "texture": "#0"}
			}
		},
		{
			"name": "longbow_2_19",
			"from": [5, 3, 8],
			"to": [6, 4, 9],
			"faces": {
				"north": {"uv": [6, 12, 5, 13], "texture": "#0"},
				"east": {"uv": [5, 12, 6, 13], "texture": "#0"},
				"south": {"uv": [5, 12, 6, 13], "texture": "#0"},
				"west": {"uv": [5, 12, 6, 13], "texture": "#0"},
				"up": {"uv": [5, 12, 6, 13], "texture": "#0"},
				"down": {"uv": [5, 12, 6, 13], "texture": "#0"}
			}
		},
		{
			"name": "longbow_2_20",
			"from": [0, 1, 8],
			"to": [1, 3, 9],
			"faces": {
				"north": {"uv": [1, 13, 0, 15], "texture": "#0"},
				"east": {"uv": [0, 13, 1, 15], "texture": "#0"},
				"south": {"uv": [0, 13, 1, 15], "texture": "#0"},
				"west": {"uv": [0, 13, 1, 15], "texture": "#0"},
				"up": {"uv": [0, 13, 1, 14], "texture": "#0"},
				"down": {"uv": [0, 14, 1, 15], "texture": "#0"}
			}
		},
		{
			"name": "longbow_2_21",
			"from": [4, 2, 8],
			"to": [5, 3, 9],
			"faces": {
				"north": {"uv": [5, 13, 4, 14], "texture": "#0"},
				"east": {"uv": [4, 13, 5, 14], "texture": "#0"},
				"south": {"uv": [4, 13, 5, 14], "texture": "#0"},
				"west": {"uv": [4, 13, 5, 14], "texture": "#0"},
				"up": {"uv": [4, 13, 5, 14], "texture": "#0"},
				"down": {"uv": [4, 13, 5, 14], "texture": "#0"}
			}
		},
		{
			"name": "longbow_2_22",
			"from": [3, 1, 8],
			"to": [4, 2, 9],
			"faces": {
				"north": {"uv": [4, 14, 3, 15], "texture": "#0"},
				"east": {"uv": [3, 14, 4, 15], "texture": "#0"},
				"south": {"uv": [3, 14, 4, 15], "texture": "#0"},
				"west": {"uv": [3, 14, 4, 15], "texture": "#0"},
				"up": {"uv": [3, 14, 4, 15], "texture": "#0"},
				"down": {"uv": [3, 14, 4, 15], "texture": "#0"}
			}
		},
		{
			"name": "longbow_1_0",
			"from": [21, 21, 8],
			"to": [23, 24, 9],
			"faces": {
				"north": {"uv": [15, 0, 13, 3], "texture": "#1"},
				"east": {"uv": [14, 0, 15, 3], "texture": "#1"},
				"south": {"uv": [13, 0, 15, 3], "texture": "#1"},
				"west": {"uv": [13, 0, 14, 3], "texture": "#1"},
				"up": {"uv": [13, 0, 15, 1], "texture": "#1"},
				"down": {"uv": [13, 2, 15, 3], "texture": "#1"}
			}
		},
		{
			"name": "longbow_1_1",
			"from": [18, 20, 8],
			"to": [21, 23, 9],
			"faces": {
				"north": {"uv": [13, 1, 10, 4], "texture": "#1"},
				"east": {"uv": [12, 1, 13, 4], "texture": "#1"},
				"south": {"uv": [10, 1, 13, 4], "texture": "#1"},
				"west": {"uv": [10, 1, 11, 4], "texture": "#1"},
				"up": {"uv": [10, 1, 13, 2], "texture": "#1"},
				"down": {"uv": [10, 3, 13, 4], "texture": "#1"}
			}
		},
		{
			"name": "longbow_1_2",
			"from": [23, 22, 8],
			"to": [24, 23, 9],
			"faces": {
				"north": {"uv": [16, 1, 15, 2], "texture": "#1"},
				"east": {"uv": [15, 1, 16, 2], "texture": "#1"},
				"south": {"uv": [15, 1, 16, 2], "texture": "#1"},
				"west": {"uv": [15, 1, 16, 2], "texture": "#1"},
				"up": {"uv": [15, 1, 16, 2], "texture": "#1"},
				"down": {"uv": [15, 1, 16, 2], "texture": "#1"}
			}
		},
		{
			"name": "longbow_1_3",
			"from": [15, 19, 8],
			"to": [18, 22, 9],
			"faces": {
				"north": {"uv": [10, 2, 7, 5], "texture": "#1"},
				"east": {"uv": [9, 2, 10, 5], "texture": "#1"},
				"south": {"uv": [7, 2, 10, 5], "texture": "#1"},
				"west": {"uv": [7, 2, 8, 5], "texture": "#1"},
				"up": {"uv": [7, 2, 10, 3], "texture": "#1"},
				"down": {"uv": [7, 4, 10, 5], "texture": "#1"}
			}
		},
		{
			"name": "longbow_1_4",
			"from": [13, 18, 8],
			"to": [15, 21, 9],
			"faces": {
				"north": {"uv": [7, 3, 5, 6], "texture": "#1"},
				"east": {"uv": [6, 3, 7, 6], "texture": "#1"},
				"south": {"uv": [5, 3, 7, 6], "texture": "#1"},
				"west": {"uv": [5, 3, 6, 6], "texture": "#1"},
				"up": {"uv": [5, 3, 7, 4], "texture": "#1"},
				"down": {"uv": [5, 5, 7, 6], "texture": "#1"}
			}
		},
		{
			"name": "longbow_1_5",
			"from": [22, 20, 8],
			"to": [23, 21, 9],
			"faces": {
				"north": {"uv": [15, 3, 14, 4], "texture": "#1"},
				"east": {"uv": [14, 3, 15, 4], "texture": "#1"},
				"south": {"uv": [14, 3, 15, 4], "texture": "#1"},
				"west": {"uv": [14, 3, 15, 4], "texture": "#1"},
				"up": {"uv": [14, 3, 15, 4], "texture": "#1"},
				"down": {"uv": [14, 3, 15, 4], "texture": "#1"}
			}
		},
		{
			"name": "longbow_1_6",
			"from": [11, 17, 8],
			"to": [13, 20, 9],
			"faces": {
				"north": {"uv": [5, 4, 3, 7], "texture": "#1"},
				"east": {"uv": [4, 4, 5, 7], "texture": "#1"},
				"south": {"uv": [3, 4, 5, 7], "texture": "#1"},
				"west": {"uv": [3, 4, 4, 7], "texture": "#1"},
				"up": {"uv": [3, 4, 5, 5], "texture": "#1"},
				"down": {"uv": [3, 6, 5, 7], "texture": "#1"}
			}
		},
		{
			"name": "longbow_1_7",
			"from": [21, 19, 8],
			"to": [22, 20, 9],
			"faces": {
				"north": {"uv": [14, 4, 13, 5], "texture": "#1"},
				"east": {"uv": [13, 4, 14, 5], "texture": "#1"},
				"south": {"uv": [13, 4, 14, 5], "texture": "#1"},
				"west": {"uv": [13, 4, 14, 5], "texture": "#1"},
				"up": {"uv": [13, 4, 14, 5], "texture": "#1"},
				"down": {"uv": [13, 4, 14, 5], "texture": "#1"}
			}
		},
		{
			"name": "longbow_1_8",
			"from": [9, 16, 8],
			"to": [11, 19, 9],
			"faces": {
				"north": {"uv": [3, 5, 1, 8], "texture": "#1"},
				"east": {"uv": [2, 5, 3, 8], "texture": "#1"},
				"south": {"uv": [1, 5, 3, 8], "texture": "#1"},
				"west": {"uv": [1, 5, 2, 8], "texture": "#1"},
				"up": {"uv": [1, 5, 3, 6], "texture": "#1"},
				"down": {"uv": [1, 7, 3, 8], "texture": "#1"}
			}
		},
		{
			"name": "longbow_1_9",
			"from": [15, 18, 8],
			"to": [16, 19, 9],
			"faces": {
				"north": {"uv": [8, 5, 7, 6], "texture": "#1"},
				"east": {"uv": [7, 5, 8, 6], "texture": "#1"},
				"south": {"uv": [7, 5, 8, 6], "texture": "#1"},
				"west": {"uv": [7, 5, 8, 6], "texture": "#1"},
				"up": {"uv": [7, 5, 8, 6], "texture": "#1"},
				"down": {"uv": [7, 5, 8, 6], "texture": "#1"}
			}
		},
		{
			"name": "longbow_1_10",
			"from": [20, 18, 8],
			"to": [21, 19, 9],
			"faces": {
				"north": {"uv": [13, 5, 12, 6], "texture": "#1"},
				"east": {"uv": [12, 5, 13, 6], "texture": "#1"},
				"south": {"uv": [12, 5, 13, 6], "texture": "#1"},
				"west": {"uv": [12, 5, 13, 6], "texture": "#1"},
				"up": {"uv": [12, 5, 13, 6], "texture": "#1"},
				"down": {"uv": [12, 5, 13, 6], "texture": "#1"}
			}
		},
		{
			"name": "longbow_1_11",
			"from": [8, 16, 8],
			"to": [9, 18, 9],
			"faces": {
				"north": {"uv": [1, 6, 0, 8], "texture": "#1"},
				"east": {"uv": [0, 6, 1, 8], "texture": "#1"},
				"south": {"uv": [0, 6, 1, 8], "texture": "#1"},
				"west": {"uv": [0, 6, 1, 8], "texture": "#1"},
				"up": {"uv": [0, 6, 1, 7], "texture": "#1"},
				"down": {"uv": [0, 7, 1, 8], "texture": "#1"}
			}
		},
		{
			"name": "longbow_1_12",
			"from": [13, 17, 8],
			"to": [14, 18, 9],
			"faces": {
				"north": {"uv": [6, 6, 5, 7], "texture": "#1"},
				"east": {"uv": [5, 6, 6, 7], "texture": "#1"},
				"south": {"uv": [5, 6, 6, 7], "texture": "#1"},
				"west": {"uv": [5, 6, 6, 7], "texture": "#1"},
				"up": {"uv": [5, 6, 6, 7], "texture": "#1"},
				"down": {"uv": [5, 6, 6, 7], "texture": "#1"}
			}
		},
		{
			"name": "longbow_1_13",
			"from": [19, 17, 8],
			"to": [20, 18, 9],
			"faces": {
				"north": {"uv": [12, 6, 11, 7], "texture": "#1"},
				"east": {"uv": [11, 6, 12, 7], "texture": "#1"},
				"south": {"uv": [11, 6, 12, 7], "texture": "#1"},
				"west": {"uv": [11, 6, 12, 7], "texture": "#1"},
				"up": {"uv": [11, 6, 12, 7], "texture": "#1"},
				"down": {"uv": [11, 6, 12, 7], "texture": "#1"}
			}
		},
		{
			"name": "longbow_1_14",
			"from": [18, 16, 8],
			"to": [19, 17, 9],
			"faces": {
				"north": {"uv": [11, 7, 10, 8], "texture": "#1"},
				"east": {"uv": [10, 7, 11, 8], "texture": "#1"},
				"south": {"uv": [10, 7, 11, 8], "texture": "#1"},
				"west": {"uv": [10, 7, 11, 8], "texture": "#1"},
				"up": {"uv": [10, 7, 11, 8], "texture": "#1"},
				"down": {"uv": [10, 7, 11, 8], "texture": "#1"}
			}
		},
		{
			"name": "longbow_1_15",
			"from": [17, 15, 8],
			"to": [18, 16, 9],
			"faces": {
				"north": {"uv": [10, 8, 9, 9], "texture": "#1"},
				"east": {"uv": [9, 8, 10, 9], "texture": "#1"},
				"south": {"uv": [9, 8, 10, 9], "texture": "#1"},
				"west": {"uv": [9, 8, 10, 9], "texture": "#1"},
				"up": {"uv": [9, 8, 10, 9], "texture": "#1"},
				"down": {"uv": [9, 8, 10, 9], "texture": "#1"}
			}
		},
		{
			"name": "longbow_1_16",
			"from": [7, 16, 8],
			"to": [8, 17, 9],
			"faces": {
				"north": {"uv": [6, 9, 5, 10], "texture": "#1"},
				"east": {"uv": [5, 9, 6, 10], "texture": "#1"},
				"south": {"uv": [5, 9, 6, 10], "texture": "#1"},
				"west": {"uv": [5, 9, 6, 10], "texture": "#1"},
				"up": {"uv": [5, 9, 6, 10], "texture": "#1"},
				"down": {"uv": [5, 9, 6, 10], "texture": "#1"}
			}
		},
		{
			"name": "longbow_1_17",
			"from": [16, 14, 8],
			"to": [17, 15, 9],
			"faces": {
				"north": {"uv": [9, 9, 8, 10], "texture": "#1"},
				"east": {"uv": [8, 9, 9, 10], "texture": "#1"},
				"south": {"uv": [8, 9, 9, 10], "texture": "#1"},
				"west": {"uv": [8, 9, 9, 10], "texture": "#1"},
				"up": {"uv": [8, 9, 9, 10], "texture": "#1"},
				"down": {"uv": [8, 9, 9, 10], "texture": "#1"}
			}
		}
	],
	"gui_light": "front",
	"display": {
		"thirdperson_righthand": {
			"rotation": [-45, -95, 0],
			"translation": [0.5, -6.25, 3.75],
			"scale": [0.7, 0.7, 0.7]
		},
		"thirdperson_lefthand": {
			"rotation": [45, 95, -90],
			"translation": [0.5, -5.75, 3.75],
			"scale": [0.7, 0.7, 0.7]
		},
		"firstperson_righthand": {
			"rotation": [0, -90, 35],
			"translation": [2.5, 1, 0],
			"scale": [0.75, 0.75, 0.75]
		},
		"firstperson_lefthand": {
			"rotation": [0, 90, -35],
			"translation": [3, 1, 0],
			"scale": [0.75, 0.75, 0.75]
		},
		"ground": {
			"translation": [0, 0.5, 0],
			"scale": [0.4, 0.4, 0.4]
		},
		"gui": {
			"translation": [-2.75, -2.75, 0],
			"scale": [0.7, 0.7, 0.7]
		},
		"head": {
			"scale": [0.75, 0.75, 0.75]
		},
		"fixed": {
			"translation": [-3, -2.75, 0],
			"scale": [0.75, 0.75, 0.75]
		}
	},
	"groups": [
		{
			"name": "longbow_2",
			"origin": [8, 8, 8],
			"color": 0,
			"children": [0, 1, 2, 3, 4, 5, 6, 7, 8, 9, 10, 11, 12, 13, 14, 15, 16, 17, 18, 19, 20, 21, 22]
		},
		{
			"name": "longbow_1",
			"origin": [8, 8, 8],
			"color": 0,
			"children": [23, 24, 25, 26, 27, 28, 29, 30, 31, 32, 33, 34, 35, 36, 37, 38, 39, 40]
		}
	]
}