{
	"credit": "golden_claymore_one",
	"textures": {
		"0": "custom/diamond_katana_one",
		"1": "custom/diamond_katana_two",
		"particle": "custom/diamond_katana_one"
	},
	"elements": [
		{
			"name": "diamond_katana_one_0",
			"from": [13, 14, 0],
			"to": [16, 16, 1],
			"faces": {
				"north": {"uv": [16, 0, 13, 2], "texture": "#0"},
				"east": {"uv": [15, 0, 16, 2], "texture": "#0"},
				"south": {"uv": [13, 0, 16, 2], "texture": "#0"},
				"west": {"uv": [13, 0, 14, 2], "texture": "#0"},
				"up": {"uv": [13, 0, 16, 1], "texture": "#0"},
				"down": {"uv": [13, 1, 16, 2], "texture": "#0"}
			}
		},
		{
			"name": "diamond_katana_one_1",
			"from": [12, 11, 0],
			"to": [13, 15, 1],
			"faces": {
				"north": {"uv": [13, 1, 12, 5], "texture": "#0"},
				"east": {"uv": [12, 1, 13, 5], "texture": "#0"},
				"south": {"uv": [12, 1, 13, 5], "texture": "#0"},
				"west": {"uv": [12, 1, 13, 5], "texture": "#0"},
				"up": {"uv": [12, 1, 13, 2], "texture": "#0"},
				"down": {"uv": [12, 4, 13, 5], "texture": "#0"}
			}
		},
		{
			"name": "diamond_katana_one_2",
			"from": [11, 10, 0],
			"to": [12, 14, 1],
			"faces": {
				"north": {"uv": [12, 2, 11, 6], "texture": "#0"},
				"east": {"uv": [11, 2, 12, 6], "texture": "#0"},
				"south": {"uv": [11, 2, 12, 6], "texture": "#0"},
				"west": {"uv": [11, 2, 12, 6], "texture": "#0"},
				"up": {"uv": [11, 2, 12, 3], "texture": "#0"},
				"down": {"uv": [11, 5, 12, 6], "texture": "#0"}
			}
		},
		{
			"name": "diamond_katana_one_3",
			"from": [13, 13, 0],
			"to": [15, 14, 1],
			"faces": {
				"north": {"uv": [15, 2, 13, 3], "texture": "#0"},
				"east": {"uv": [14, 2, 15, 3], "texture": "#0"},
				"south": {"uv": [13, 2, 15, 3], "texture": "#0"},
				"west": {"uv": [13, 2, 14, 3], "texture": "#0"},
				"up": {"uv": [13, 2, 15, 3], "texture": "#0"},
				"down": {"uv": [13, 2, 15, 3], "texture": "#0"}
			}
		},
		{
			"name": "diamond_katana_one_4",
			"from": [10, 9, 0],
			"to": [11, 13, 1],
			"faces": {
				"north": {"uv": [11, 3, 10, 7], "texture": "#0"},
				"east": {"uv": [10, 3, 11, 7], "texture": "#0"},
				"south": {"uv": [10, 3, 11, 7], "texture": "#0"},
				"west": {"uv": [10, 3, 11, 7], "texture": "#0"},
				"up": {"uv": [10, 3, 11, 4], "texture": "#0"},
				"down": {"uv": [10, 6, 11, 7], "texture": "#0"}
			}
		},
		{
			"name": "diamond_katana_one_5",
			"from": [13, 12, 0],
			"to": [14, 13, 1],
			"faces": {
				"north": {"uv": [14, 3, 13, 4], "texture": "#0"},
				"east": {"uv": [13, 3, 14, 4], "texture": "#0"},
				"south": {"uv": [13, 3, 14, 4], "texture": "#0"},
				"west": {"uv": [13, 3, 14, 4], "texture": "#0"},
				"up": {"uv": [13, 3, 14, 4], "texture": "#0"},
				"down": {"uv": [13, 3, 14, 4], "texture": "#0"}
			}
		},
		{
			"name": "diamond_katana_one_6",
			"from": [9, 8, 0],
			"to": [10, 12, 1],
			"faces": {
				"north": {"uv": [10, 4, 9, 8], "texture": "#0"},
				"east": {"uv": [9, 4, 10, 8], "texture": "#0"},
				"south": {"uv": [9, 4, 10, 8], "texture": "#0"},
				"west": {"uv": [9, 4, 10, 8], "texture": "#0"},
				"up": {"uv": [9, 4, 10, 5], "texture": "#0"},
				"down": {"uv": [9, 7, 10, 8], "texture": "#0"}
			}
		},
		{
			"name": "diamond_katana_one_7",
			"from": [8, 7, 0],
			"to": [9, 11, 1],
			"faces": {
				"north": {"uv": [9, 5, 8, 9], "texture": "#0"},
				"east": {"uv": [8, 5, 9, 9], "texture": "#0"},
				"south": {"uv": [8, 5, 9, 9], "texture": "#0"},
				"west": {"uv": [8, 5, 9, 9], "texture": "#0"},
				"up": {"uv": [8, 5, 9, 6], "texture": "#0"},
				"down": {"uv": [8, 8, 9, 9], "texture": "#0"}
			}
		},
		{
			"name": "diamond_katana_one_8",
			"from": [4, 7, 0],
			"to": [5, 10, 1],
			"faces": {
				"north": {"uv": [5, 6, 4, 9], "texture": "#0"},
				"east": {"uv": [4, 6, 5, 9], "texture": "#0"},
				"south": {"uv": [4, 6, 5, 9], "texture": "#0"},
				"west": {"uv": [4, 6, 5, 9], "texture": "#0"},
				"up": {"uv": [4, 6, 5, 7], "texture": "#0"},
				"down": {"uv": [4, 8, 5, 9], "texture": "#0"}
			}
		},
		{
			"name": "diamond_katana_one_9",
			"from": [7, 4, 0],
			"to": [8, 10, 1],
			"faces": {
				"north": {"uv": [8, 6, 7, 12], "texture": "#0"},
				"east": {"uv": [7, 6, 8, 12], "texture": "#0"},
				"south": {"uv": [7, 6, 8, 12], "texture": "#0"},
				"west": {"uv": [7, 6, 8, 12], "texture": "#0"},
				"up": {"uv": [7, 6, 8, 7], "texture": "#0"},
				"down": {"uv": [7, 11, 8, 12], "texture": "#0"}
			}
		},
		{
			"name": "diamond_katana_one_10",
			"from": [3, 8, 0],
			"to": [4, 9, 1],
			"faces": {
				"north": {"uv": [4, 7, 3, 8], "texture": "#0"},
				"east": {"uv": [3, 7, 4, 8], "texture": "#0"},
				"south": {"uv": [3, 7, 4, 8], "texture": "#0"},
				"west": {"uv": [3, 7, 4, 8], "texture": "#0"},
				"up": {"uv": [3, 7, 4, 8], "texture": "#0"},
				"down": {"uv": [3, 7, 4, 8], "texture": "#0"}
			}
		},
		{
			"name": "diamond_katana_one_11",
			"from": [5, 5, 0],
			"to": [7, 9, 1],
			"faces": {
				"north": {"uv": [7, 7, 5, 11], "texture": "#0"},
				"east": {"uv": [6, 7, 7, 11], "texture": "#0"},
				"south": {"uv": [5, 7, 7, 11], "texture": "#0"},
				"west": {"uv": [5, 7, 6, 11], "texture": "#0"},
				"up": {"uv": [5, 7, 7, 8], "texture": "#0"},
				"down": {"uv": [5, 10, 7, 11], "texture": "#0"}
			}
		},
		{
			"name": "diamond_katana_one_12",
			"from": [4, 3, 0],
			"to": [5, 6, 1],
			"faces": {
				"north": {"uv": [5, 10, 4, 13], "texture": "#0"},
				"east": {"uv": [4, 10, 5, 13], "texture": "#0"},
				"south": {"uv": [4, 10, 5, 13], "texture": "#0"},
				"west": {"uv": [4, 10, 5, 13], "texture": "#0"},
				"up": {"uv": [4, 10, 5, 11], "texture": "#0"},
				"down": {"uv": [4, 12, 5, 13], "texture": "#0"}
			}
		},
		{
			"name": "diamond_katana_one_13",
			"from": [8, 3, 0],
			"to": [9, 6, 1],
			"faces": {
				"north": {"uv": [9, 10, 8, 13], "texture": "#0"},
				"east": {"uv": [8, 10, 9, 13], "texture": "#0"},
				"south": {"uv": [8, 10, 9, 13], "texture": "#0"},
				"west": {"uv": [8, 10, 9, 13], "texture": "#0"},
				"up": {"uv": [8, 10, 9, 11], "texture": "#0"},
				"down": {"uv": [8, 12, 9, 13], "texture": "#0"}
			}
		},
		{
			"name": "diamond_katana_one_14",
			"from": [3, 2, 0],
			"to": [4, 5, 1],
			"faces": {
				"north": {"uv": [4, 11, 3, 14], "texture": "#0"},
				"east": {"uv": [3, 11, 4, 14], "texture": "#0"},
				"south": {"uv": [3, 11, 4, 14], "texture": "#0"},
				"west": {"uv": [3, 11, 4, 14], "texture": "#0"},
				"up": {"uv": [3, 11, 4, 12], "texture": "#0"},
				"down": {"uv": [3, 13, 4, 14], "texture": "#0"}
			}
		},
		{
			"name": "diamond_katana_one_15",
			"from": [5, 4, 0],
			"to": [6, 5, 1],
			"faces": {
				"north": {"uv": [6, 11, 5, 12], "texture": "#0"},
				"east": {"uv": [5, 11, 6, 12], "texture": "#0"},
				"south": {"uv": [5, 11, 6, 12], "texture": "#0"},
				"west": {"uv": [5, 11, 6, 12], "texture": "#0"},
				"up": {"uv": [5, 11, 6, 12], "texture": "#0"},
				"down": {"uv": [5, 11, 6, 12], "texture": "#0"}
			}
		},
		{
			"name": "diamond_katana_one_16",
			"from": [9, 4, 0],
			"to": [10, 5, 1],
			"faces": {
				"north": {"uv": [10, 11, 9, 12], "texture": "#0"},
				"east": {"uv": [9, 11, 10, 12], "texture": "#0"},
				"south": {"uv": [9, 11, 10, 12], "texture": "#0"},
				"west": {"uv": [9, 11, 10, 12], "texture": "#0"},
				"up": {"uv": [9, 11, 10, 12], "texture": "#0"},
				"down": {"uv": [9, 11, 10, 12], "texture": "#0"}
			}
		},
		{
			"name": "diamond_katana_one_17",
			"from": [2, 1, 0],
			"to": [3, 4, 1],
			"faces": {
				"north": {"uv": [3, 12, 2, 15], "texture": "#0"},
				"east": {"uv": [2, 12, 3, 15], "texture": "#0"},
				"south": {"uv": [2, 12, 3, 15], "texture": "#0"},
				"west": {"uv": [2, 12, 3, 15], "texture": "#0"},
				"up": {"uv": [2, 12, 3, 13], "texture": "#0"},
				"down": {"uv": [2, 14, 3, 15], "texture": "#0"}
			}
		},
		{
			"name": "diamond_katana_one_18",
			"from": [1, 0, 0],
			"to": [2, 3, 1],
			"faces": {
				"north": {"uv": [2, 13, 1, 16], "texture": "#0"},
				"east": {"uv": [1, 13, 2, 16], "texture": "#0"},
				"south": {"uv": [1, 13, 2, 16], "texture": "#0"},
				"west": {"uv": [1, 13, 2, 16], "texture": "#0"},
				"up": {"uv": [1, 13, 2, 14], "texture": "#0"},
				"down": {"uv": [1, 15, 2, 16], "texture": "#0"}
			}
		},
		{
			"name": "diamond_katana_one_19",
			"from": [0, 1, 0],
			"to": [1, 2, 1],
			"faces": {
				"north": {"uv": [1, 14, 0, 15], "texture": "#0"},
				"east": {"uv": [0, 14, 1, 15], "texture": "#0"},
				"south": {"uv": [0, 14, 1, 15], "texture": "#0"},
				"west": {"uv": [0, 14, 1, 15], "texture": "#0"},
				"up": {"uv": [0, 14, 1, 15], "texture": "#0"},
				"down": {"uv": [0, 14, 1, 15], "texture": "#0"}
			}
		},
		{
			"name": "diamond_katana_two_0",
			"from": [18, 19, 0],
			"to": [21, 21, 1],
			"faces": {
				"north": {"uv": [15, 0, 12, 2], "texture": "#1"},
				"east": {"uv": [14, 0, 15, 2], "texture": "#1"},
				"south": {"uv": [12, 0, 15, 2], "texture": "#1"},
				"west": {"uv": [12, 0, 13, 2], "texture": "#1"},
				"up": {"uv": [12, 0, 15, 1], "texture": "#1"},
				"down": {"uv": [12, 1, 15, 2], "texture": "#1"}
			}
		},
		{
			"name": "diamond_katana_two_1",
			"from": [21, 20, 0],
			"to": [22, 21, 1],
			"faces": {
				"north": {"uv": [16, 0, 15, 1], "texture": "#1"},
				"east": {"uv": [15, 0, 16, 1], "texture": "#1"},
				"south": {"uv": [15, 0, 16, 1], "texture": "#1"},
				"west": {"uv": [15, 0, 16, 1], "texture": "#1"},
				"up": {"uv": [15, 0, 16, 1], "texture": "#1"},
				"down": {"uv": [15, 0, 16, 1], "texture": "#1"}
			}
		},
		{
			"name": "diamond_katana_two_2",
			"from": [17, 16, 0],
			"to": [18, 20, 1],
			"faces": {
				"north": {"uv": [12, 1, 11, 5], "texture": "#1"},
				"east": {"uv": [11, 1, 12, 5], "texture": "#1"},
				"south": {"uv": [11, 1, 12, 5], "texture": "#1"},
				"west": {"uv": [11, 1, 12, 5], "texture": "#1"},
				"up": {"uv": [11, 1, 12, 2], "texture": "#1"},
				"down": {"uv": [11, 4, 12, 5], "texture": "#1"}
			}
		},
		{
			"name": "diamond_katana_two_3",
			"from": [16, 15, 0],
			"to": [17, 19, 1],
			"faces": {
				"north": {"uv": [11, 2, 10, 6], "texture": "#1"},
				"east": {"uv": [10, 2, 11, 6], "texture": "#1"},
				"south": {"uv": [10, 2, 11, 6], "texture": "#1"},
				"west": {"uv": [10, 2, 11, 6], "texture": "#1"},
				"up": {"uv": [10, 2, 11, 3], "texture": "#1"},
				"down": {"uv": [10, 5, 11, 6], "texture": "#1"}
			}
		},
		{
			"name": "diamond_katana_two_4",
			"from": [18, 18, 0],
			"to": [20, 19, 1],
			"faces": {
				"north": {"uv": [14, 2, 12, 3], "texture": "#1"},
				"east": {"uv": [13, 2, 14, 3], "texture": "#1"},
				"south": {"uv": [12, 2, 14, 3], "texture": "#1"},
				"west": {"uv": [12, 2, 13, 3], "texture": "#1"},
				"up": {"uv": [12, 2, 14, 3], "texture": "#1"},
				"down": {"uv": [12, 2, 14, 3], "texture": "#1"}
			}
		},
		{
			"name": "diamond_katana_two_5",
			"from": [15, 16, 0],
			"to": [16, 18, 1],
			"faces": {
				"north": {"uv": [10, 3, 9, 5], "texture": "#1"},
				"east": {"uv": [9, 3, 10, 5], "texture": "#1"},
				"south": {"uv": [9, 3, 10, 5], "texture": "#1"},
				"west": {"uv": [9, 3, 10, 5], "texture": "#1"},
				"up": {"uv": [9, 3, 10, 4], "texture": "#1"},
				"down": {"uv": [9, 4, 10, 5], "texture": "#1"}
			}
		},
		{
			"name": "diamond_katana_two_6",
			"from": [18, 17, 0],
			"to": [19, 18, 1],
			"faces": {
				"north": {"uv": [13, 3, 12, 4], "texture": "#1"},
				"east": {"uv": [12, 3, 13, 4], "texture": "#1"},
				"south": {"uv": [12, 3, 13, 4], "texture": "#1"},
				"west": {"uv": [12, 3, 13, 4], "texture": "#1"},
				"up": {"uv": [12, 3, 13, 4], "texture": "#1"},
				"down": {"uv": [12, 3, 13, 4], "texture": "#1"}
			}
		},
		{
			"name": "diamond_katana_two_7",
			"from": [14, 16, 0],
			"to": [15, 17, 1],
			"faces": {
				"north": {"uv": [9, 4, 8, 5], "texture": "#1"},
				"east": {"uv": [8, 4, 9, 5], "texture": "#1"},
				"south": {"uv": [8, 4, 9, 5], "texture": "#1"},
				"west": {"uv": [8, 4, 9, 5], "texture": "#1"},
				"up": {"uv": [8, 4, 9, 5], "texture": "#1"},
				"down": {"uv": [8, 4, 9, 5], "texture": "#1"}
			}
		}
	],
	"gui_light": "front",
	"display": {
		"thirdperson_righthand": {
			"rotation": [-45, -90, 0],
			"translation": [-5, 2.75, 1.5],
			"scale": [0.7, 0.7, 0.7]
		},
		"thirdperson_lefthand": {
			"rotation": [-45, 90, 0],
			"translation": [5, 4.25, 1.5],
			"scale": [0.7, 0.7, 0.7]
		},
		"firstperson_righthand": {
			"rotation": [30, -90, 60],
			"translation": [-4, 4.25, 2.5],
			"scale": [0.6, 0.6, 0.6]
		},
		"firstperson_lefthand": {
			"rotation": [-30, -90, -90],
			"translation": [-4, 4.25, 2.5],
			"scale": [0.6, 0.6, 0.6]
		},
		"ground": {
			"translation": [2.75, 3.25, 3.75],
			"scale": [0.5, 0.5, 0.5]
		},
		"gui": {
			"translation": [-2.25, -2.25, 166],
			"scale": [0.8, 0.8, 0.81]
		},
		"fixed": {
			"translation": [-1.5, -1.5, 6.75],
			"scale": [0.9, 0.9, 0.9]
		}
	},
	"groups": [
		{
			"name": "diamond_katana",
			"origin": [8, 8, 8],
			"color": 0,
			"children": [
				{
					"name": "diamond_katana_one",
					"origin": [8, 8, 8],
					"color": 0,
					"children": [0, 1, 2, 3, 4, 5, 6, 7, 8, 9, 10, 11, 12, 13, 14, 15, 16, 17, 18, 19]
				},
				{
					"name": "diamond_katana_two",
					"origin": [8, 8, 8],
					"color": 0,
					"children": [20, 21, 22, 23, 24, 25, 26, 27]
				}
			]
		}
	]
}