{
	"credit": "Made with Blockbench",
	"texture_size": [32, 32],
	"textures": {
		"0": "custom/iron_halberd",
		"particle": "custom/iron_halberd"
	},
	"elements": [
		{
			"name": "iron_halberd_0",
			"from": [15, 15, 8],
			"to": [16, 16, 8.5],
			"faces": {
				"north": {"uv": [16, 0, 15, 1], "texture": "#0"},
				"east": {"uv": [15.5, 0, 16, 1], "texture": "#0"},
				"south": {"uv": [15, 0, 16, 1], "texture": "#0"},
				"west": {"uv": [15, 0, 15.5, 1], "texture": "#0"},
				"up": {"uv": [15, 0, 16, 0.5], "texture": "#0"},
				"down": {"uv": [15, 0.5, 16, 1], "texture": "#0"}
			}
		},
		{
			"name": "iron_halberd_1",
			"from": [11, 14, 8],
			"to": [12.5, 15.5, 8.5],
			"faces": {
				"north": {"uv": [12.5, 0.5, 11, 2], "texture": "#0"},
				"east": {"uv": [12, 0.5, 12.5, 2], "texture": "#0"},
				"south": {"uv": [11, 0.5, 12.5, 2], "texture": "#0"},
				"west": {"uv": [11, 0.5, 11.5, 2], "texture": "#0"},
				"up": {"uv": [11, 0.5, 12.5, 1], "texture": "#0"},
				"down": {"uv": [11, 1.5, 12.5, 2], "texture": "#0"}
			}
		},
		{
			"name": "iron_halberd_2",
			"from": [14.5, 14, 8],
			"to": [15, 15.5, 8.5],
			"faces": {
				"north": {"uv": [15, 0.5, 14.5, 2], "texture": "#0"},
				"east": {"uv": [14.5, 0.5, 15, 2], "texture": "#0"},
				"south": {"uv": [14.5, 0.5, 15, 2], "texture": "#0"},
				"west": {"uv": [14.5, 0.5, 15, 2], "texture": "#0"},
				"up": {"uv": [14.5, 0.5, 15, 1], "texture": "#0"},
				"down": {"uv": [14.5, 1.5, 15, 2], "texture": "#0"}
			}
		},
		{
			"name": "iron_halberd_3",
			"from": [10, 12, 8],
			"to": [11, 15, 8.5],
			"faces": {
				"north": {"uv": [11, 1, 10, 4], "texture": "#0"},
				"east": {"uv": [10.5, 1, 11, 4], "texture": "#0"},
				"south": {"uv": [10, 1, 11, 4], "texture": "#0"},
				"west": {"uv": [10, 1, 10.5, 4], "texture": "#0"},
				"up": {"uv": [10, 1, 11, 1.5], "texture": "#0"},
				"down": {"uv": [10, 3.5, 11, 4], "texture": "#0"}
			}
		},
		{
			"name": "iron_halberd_4",
			"from": [12.5, 14.5, 8],
			"to": [13, 15, 8.5],
			"faces": {
				"north": {"uv": [13, 1, 12.5, 1.5], "texture": "#0"},
				"east": {"uv": [12.5, 1, 13, 1.5], "texture": "#0"},
				"south": {"uv": [12.5, 1, 13, 1.5], "texture": "#0"},
				"west": {"uv": [12.5, 1, 13, 1.5], "texture": "#0"},
				"up": {"uv": [12.5, 1, 13, 1.5], "texture": "#0"},
				"down": {"uv": [12.5, 1, 13, 1.5], "texture": "#0"}
			}
		},
		{
			"name": "iron_halberd_5",
			"from": [14, 13.5, 8],
			"to": [14.5, 15, 8.5],
			"faces": {
				"north": {"uv": [14.5, 1, 14, 2.5], "texture": "#0"},
				"east": {"uv": [14, 1, 14.5, 2.5], "texture": "#0"},
				"south": {"uv": [14, 1, 14.5, 2.5], "texture": "#0"},
				"west": {"uv": [14, 1, 14.5, 2.5], "texture": "#0"},
				"up": {"uv": [14, 1, 14.5, 1.5], "texture": "#0"},
				"down": {"uv": [14, 2, 14.5, 2.5], "texture": "#0"}
			}
		},
		{
			"name": "iron_halberd_6",
			"from": [15, 14.5, 8],
			"to": [15.5, 15, 8.5],
			"faces": {
				"north": {"uv": [15.5, 1, 15, 1.5], "texture": "#0"},
				"east": {"uv": [15, 1, 15.5, 1.5], "texture": "#0"},
				"south": {"uv": [15, 1, 15.5, 1.5], "texture": "#0"},
				"west": {"uv": [15, 1, 15.5, 1.5], "texture": "#0"},
				"up": {"uv": [15, 1, 15.5, 1.5], "texture": "#0"},
				"down": {"uv": [15, 1, 15.5, 1.5], "texture": "#0"}
			}
		},
		{
			"name": "iron_halberd_7",
			"from": [9, 11.5, 8],
			"to": [10, 14.5, 8.5],
			"faces": {
				"north": {"uv": [10, 1.5, 9, 4.5], "texture": "#0"},
				"east": {"uv": [9.5, 1.5, 10, 4.5], "texture": "#0"},
				"south": {"uv": [9, 1.5, 10, 4.5], "texture": "#0"},
				"west": {"uv": [9, 1.5, 9.5, 4.5], "texture": "#0"},
				"up": {"uv": [9, 1.5, 10, 2], "texture": "#0"},
				"down": {"uv": [9, 4, 10, 4.5], "texture": "#0"}
			}
		},
		{
			"name": "iron_halberd_8",
			"from": [13.5, 13, 8],
			"to": [14, 14.5, 8.5],
			"faces": {
				"north": {"uv": [14, 1.5, 13.5, 3], "texture": "#0"},
				"east": {"uv": [13.5, 1.5, 14, 3], "texture": "#0"},
				"south": {"uv": [13.5, 1.5, 14, 3], "texture": "#0"},
				"west": {"uv": [13.5, 1.5, 14, 3], "texture": "#0"},
				"up": {"uv": [13.5, 1.5, 14, 2], "texture": "#0"},
				"down": {"uv": [13.5, 2.5, 14, 3], "texture": "#0"}
			}
		},
		{
			"name": "iron_halberd_9",
			"from": [8.5, 11, 8],
			"to": [9, 14, 8.5],
			"faces": {
				"north": {"uv": [9, 2, 8.5, 5], "texture": "#0"},
				"east": {"uv": [8.5, 2, 9, 5], "texture": "#0"},
				"south": {"uv": [8.5, 2, 9, 5], "texture": "#0"},
				"west": {"uv": [8.5, 2, 9, 5], "texture": "#0"},
				"up": {"uv": [8.5, 2, 9, 2.5], "texture": "#0"},
				"down": {"uv": [8.5, 4.5, 9, 5], "texture": "#0"}
			}
		},
		{
			"name": "iron_halberd_10",
			"from": [11, 10.5, 8],
			"to": [12, 14, 8.5],
			"faces": {
				"north": {"uv": [12, 2, 11, 5.5], "texture": "#0"},
				"east": {"uv": [11.5, 2, 12, 5.5], "texture": "#0"},
				"south": {"uv": [11, 2, 12, 5.5], "texture": "#0"},
				"west": {"uv": [11, 2, 11.5, 5.5], "texture": "#0"},
				"up": {"uv": [11, 2, 12, 2.5], "texture": "#0"},
				"down": {"uv": [11, 5, 12, 5.5], "texture": "#0"}
			}
		},
		{
			"name": "iron_halberd_11",
			"from": [13, 9, 8],
			"to": [13.5, 14, 8.5],
			"faces": {
				"north": {"uv": [13.5, 2, 13, 7], "texture": "#0"},
				"east": {"uv": [13, 2, 13.5, 7], "texture": "#0"},
				"south": {"uv": [13, 2, 13.5, 7], "texture": "#0"},
				"west": {"uv": [13, 2, 13.5, 7], "texture": "#0"},
				"up": {"uv": [13, 2, 13.5, 2.5], "texture": "#0"},
				"down": {"uv": [13, 6.5, 13.5, 7], "texture": "#0"}
			}
		},
		{
			"name": "iron_halberd_12",
			"from": [8, 10.5, 8],
			"to": [8.5, 13.5, 8.5],
			"faces": {
				"north": {"uv": [8.5, 2.5, 8, 5.5], "texture": "#0"},
				"east": {"uv": [8, 2.5, 8.5, 5.5], "texture": "#0"},
				"south": {"uv": [8, 2.5, 8.5, 5.5], "texture": "#0"},
				"west": {"uv": [8, 2.5, 8.5, 5.5], "texture": "#0"},
				"up": {"uv": [8, 2.5, 8.5, 3], "texture": "#0"},
				"down": {"uv": [8, 5, 8.5, 5.5], "texture": "#0"}
			}
		},
		{
			"name": "iron_halberd_13",
			"from": [12, 11, 8],
			"to": [13, 13.5, 8.5],
			"faces": {
				"north": {"uv": [13, 2.5, 12, 5], "texture": "#0"},
				"east": {"uv": [12.5, 2.5, 13, 5], "texture": "#0"},
				"south": {"uv": [12, 2.5, 13, 5], "texture": "#0"},
				"west": {"uv": [12, 2.5, 12.5, 5], "texture": "#0"},
				"up": {"uv": [12, 2.5, 13, 3], "texture": "#0"},
				"down": {"uv": [12, 4.5, 13, 5], "texture": "#0"}
			}
		},
		{
			"name": "iron_halberd_14",
			"from": [7.5, 10, 8],
			"to": [8, 13, 8.5],
			"faces": {
				"north": {"uv": [8, 3, 7.5, 6], "texture": "#0"},
				"east": {"uv": [7.5, 3, 8, 6], "texture": "#0"},
				"south": {"uv": [7.5, 3, 8, 6], "texture": "#0"},
				"west": {"uv": [7.5, 3, 8, 6], "texture": "#0"},
				"up": {"uv": [7.5, 3, 8, 3.5], "texture": "#0"},
				"down": {"uv": [7.5, 5.5, 8, 6], "texture": "#0"}
			}
		},
		{
			"name": "iron_halberd_15",
			"from": [7, 9.5, 8],
			"to": [7.5, 12.5, 8.5],
			"faces": {
				"north": {"uv": [7.5, 3.5, 7, 6.5], "texture": "#0"},
				"east": {"uv": [7, 3.5, 7.5, 6.5], "texture": "#0"},
				"south": {"uv": [7, 3.5, 7.5, 6.5], "texture": "#0"},
				"west": {"uv": [7, 3.5, 7.5, 6.5], "texture": "#0"},
				"up": {"uv": [7, 3.5, 7.5, 4], "texture": "#0"},
				"down": {"uv": [7, 6, 7.5, 6.5], "texture": "#0"}
			}
		},
		{
			"name": "iron_halberd_16",
			"from": [10.5, 10, 8],
			"to": [11, 12, 8.5],
			"faces": {
				"north": {"uv": [11, 4, 10.5, 6], "texture": "#0"},
				"east": {"uv": [10.5, 4, 11, 6], "texture": "#0"},
				"south": {"uv": [10.5, 4, 11, 6], "texture": "#0"},
				"west": {"uv": [10.5, 4, 11, 6], "texture": "#0"},
				"up": {"uv": [10.5, 4, 11, 4.5], "texture": "#0"},
				"down": {"uv": [10.5, 5.5, 11, 6], "texture": "#0"}
			}
		},
		{
			"name": "iron_halberd_17",
			"from": [13.5, 9, 8],
			"to": [14, 12, 8.5],
			"faces": {
				"north": {"uv": [14, 4, 13.5, 7], "texture": "#0"},
				"east": {"uv": [13.5, 4, 14, 7], "texture": "#0"},
				"south": {"uv": [13.5, 4, 14, 7], "texture": "#0"},
				"west": {"uv": [13.5, 4, 14, 7], "texture": "#0"},
				"up": {"uv": [13.5, 4, 14, 4.5], "texture": "#0"},
				"down": {"uv": [13.5, 6.5, 14, 7], "texture": "#0"}
			}
		},
		{
			"name": "iron_halberd_18",
			"from": [6.5, 10, 8],
			"to": [7, 11.5, 8.5],
			"faces": {
				"north": {"uv": [7, 4.5, 6.5, 6], "texture": "#0"},
				"east": {"uv": [6.5, 4.5, 7, 6], "texture": "#0"},
				"south": {"uv": [6.5, 4.5, 7, 6], "texture": "#0"},
				"west": {"uv": [6.5, 4.5, 7, 6], "texture": "#0"},
				"up": {"uv": [6.5, 4.5, 7, 5], "texture": "#0"},
				"down": {"uv": [6.5, 5.5, 7, 6], "texture": "#0"}
			}
		},
		{
			"name": "iron_halberd_19",
			"from": [9, 11, 8],
			"to": [9.5, 11.5, 8.5],
			"faces": {
				"north": {"uv": [9.5, 4.5, 9, 5], "texture": "#0"},
				"east": {"uv": [9, 4.5, 9.5, 5], "texture": "#0"},
				"south": {"uv": [9, 4.5, 9.5, 5], "texture": "#0"},
				"west": {"uv": [9, 4.5, 9.5, 5], "texture": "#0"},
				"up": {"uv": [9, 4.5, 9.5, 5], "texture": "#0"},
				"down": {"uv": [9, 4.5, 9.5, 5], "texture": "#0"}
			}
		},
		{
			"name": "iron_halberd_20",
			"from": [14, 9.5, 8],
			"to": [14.5, 11.5, 8.5],
			"faces": {
				"north": {"uv": [14.5, 4.5, 14, 6.5], "texture": "#0"},
				"east": {"uv": [14, 4.5, 14.5, 6.5], "texture": "#0"},
				"south": {"uv": [14, 4.5, 14.5, 6.5], "texture": "#0"},
				"west": {"uv": [14, 4.5, 14.5, 6.5], "texture": "#0"},
				"up": {"uv": [14, 4.5, 14.5, 5], "texture": "#0"},
				"down": {"uv": [14, 6, 14.5, 6.5], "texture": "#0"}
			}
		},
		{
			"name": "iron_halberd_21",
			"from": [10, 9.5, 8],
			"to": [10.5, 11, 8.5],
			"faces": {
				"north": {"uv": [10.5, 5, 10, 6.5], "texture": "#0"},
				"east": {"uv": [10, 5, 10.5, 6.5], "texture": "#0"},
				"south": {"uv": [10, 5, 10.5, 6.5], "texture": "#0"},
				"west": {"uv": [10, 5, 10.5, 6.5], "texture": "#0"},
				"up": {"uv": [10, 5, 10.5, 5.5], "texture": "#0"},
				"down": {"uv": [10, 6, 10.5, 6.5], "texture": "#0"}
			}
		},
		{
			"name": "iron_halberd_22",
			"from": [12.5, 10.5, 8],
			"to": [13, 11, 8.5],
			"faces": {
				"north": {"uv": [13, 5, 12.5, 5.5], "texture": "#0"},
				"east": {"uv": [12.5, 5, 13, 5.5], "texture": "#0"},
				"south": {"uv": [12.5, 5, 13, 5.5], "texture": "#0"},
				"west": {"uv": [12.5, 5, 13, 5.5], "texture": "#0"},
				"up": {"uv": [12.5, 5, 13, 5.5], "texture": "#0"},
				"down": {"uv": [12.5, 5, 13, 5.5], "texture": "#0"}
			}
		},
		{
			"name": "iron_halberd_23",
			"from": [14.5, 10, 8],
			"to": [15, 11, 8.5],
			"faces": {
				"north": {"uv": [15, 5, 14.5, 6], "texture": "#0"},
				"east": {"uv": [14.5, 5, 15, 6], "texture": "#0"},
				"south": {"uv": [14.5, 5, 15, 6], "texture": "#0"},
				"west": {"uv": [14.5, 5, 15, 6], "texture": "#0"},
				"up": {"uv": [14.5, 5, 15, 5.5], "texture": "#0"},
				"down": {"uv": [14.5, 5.5, 15, 6], "texture": "#0"}
			}
		},
		{
			"name": "iron_halberd_24",
			"from": [9.5, 9, 8],
			"to": [10, 10.5, 8.5],
			"faces": {
				"north": {"uv": [10, 5.5, 9.5, 7], "texture": "#0"},
				"east": {"uv": [9.5, 5.5, 10, 7], "texture": "#0"},
				"south": {"uv": [9.5, 5.5, 10, 7], "texture": "#0"},
				"west": {"uv": [9.5, 5.5, 10, 7], "texture": "#0"},
				"up": {"uv": [9.5, 5.5, 10, 6], "texture": "#0"},
				"down": {"uv": [9.5, 6.5, 10, 7], "texture": "#0"}
			}
		},
		{
			"name": "iron_halberd_25",
			"from": [9, 8.5, 8],
			"to": [9.5, 10, 8.5],
			"faces": {
				"north": {"uv": [9.5, 6, 9, 7.5], "texture": "#0"},
				"east": {"uv": [9, 6, 9.5, 7.5], "texture": "#0"},
				"south": {"uv": [9, 6, 9.5, 7.5], "texture": "#0"},
				"west": {"uv": [9, 6, 9.5, 7.5], "texture": "#0"},
				"up": {"uv": [9, 6, 9.5, 6.5], "texture": "#0"},
				"down": {"uv": [9, 7, 9.5, 7.5], "texture": "#0"}
			}
		},
		{
			"name": "iron_halberd_26",
			"from": [12.5, 9.5, 8],
			"to": [13, 10, 8.5],
			"faces": {
				"north": {"uv": [13, 6, 12.5, 6.5], "texture": "#0"},
				"east": {"uv": [12.5, 6, 13, 6.5], "texture": "#0"},
				"south": {"uv": [12.5, 6, 13, 6.5], "texture": "#0"},
				"west": {"uv": [12.5, 6, 13, 6.5], "texture": "#0"},
				"up": {"uv": [12.5, 6, 13, 6.5], "texture": "#0"},
				"down": {"uv": [12.5, 6, 13, 6.5], "texture": "#0"}
			}
		},
		{
			"name": "iron_halberd_27",
			"from": [8.5, 8, 8],
			"to": [9, 9.5, 8.5],
			"faces": {
				"north": {"uv": [9, 6.5, 8.5, 8], "texture": "#0"},
				"east": {"uv": [8.5, 6.5, 9, 8], "texture": "#0"},
				"south": {"uv": [8.5, 6.5, 9, 8], "texture": "#0"},
				"west": {"uv": [8.5, 6.5, 9, 8], "texture": "#0"},
				"up": {"uv": [8.5, 6.5, 9, 7], "texture": "#0"},
				"down": {"uv": [8.5, 7.5, 9, 8], "texture": "#0"}
			}
		},
		{
			"name": "iron_halberd_28",
			"from": [8, 7.5, 8],
			"to": [8.5, 9, 8.5],
			"faces": {
				"north": {"uv": [8.5, 7, 8, 8.5], "texture": "#0"},
				"east": {"uv": [8, 7, 8.5, 8.5], "texture": "#0"},
				"south": {"uv": [8, 7, 8.5, 8.5], "texture": "#0"},
				"west": {"uv": [8, 7, 8.5, 8.5], "texture": "#0"},
				"up": {"uv": [8, 7, 8.5, 7.5], "texture": "#0"},
				"down": {"uv": [8, 8, 8.5, 8.5], "texture": "#0"}
			}
		},
		{
			"name": "iron_halberd_29",
			"from": [7.5, 7, 8],
			"to": [8, 8.5, 8.5],
			"faces": {
				"north": {"uv": [8, 7.5, 7.5, 9], "texture": "#0"},
				"east": {"uv": [7.5, 7.5, 8, 9], "texture": "#0"},
				"south": {"uv": [7.5, 7.5, 8, 9], "texture": "#0"},
				"west": {"uv": [7.5, 7.5, 8, 9], "texture": "#0"},
				"up": {"uv": [7.5, 7.5, 8, 8], "texture": "#0"},
				"down": {"uv": [7.5, 8.5, 8, 9], "texture": "#0"}
			}
		},
		{
			"name": "iron_halberd_30",
			"from": [7, 6.5, 8],
			"to": [7.5, 8, 8.5],
			"faces": {
				"north": {"uv": [7.5, 8, 7, 9.5], "texture": "#0"},
				"east": {"uv": [7, 8, 7.5, 9.5], "texture": "#0"},
				"south": {"uv": [7, 8, 7.5, 9.5], "texture": "#0"},
				"west": {"uv": [7, 8, 7.5, 9.5], "texture": "#0"},
				"up": {"uv": [7, 8, 7.5, 8.5], "texture": "#0"},
				"down": {"uv": [7, 9, 7.5, 9.5], "texture": "#0"}
			}
		},
		{
			"name": "iron_halberd_31",
			"from": [6.5, 6, 8],
			"to": [7, 7.5, 8.5],
			"faces": {
				"north": {"uv": [7, 8.5, 6.5, 10], "texture": "#0"},
				"east": {"uv": [6.5, 8.5, 7, 10], "texture": "#0"},
				"south": {"uv": [6.5, 8.5, 7, 10], "texture": "#0"},
				"west": {"uv": [6.5, 8.5, 7, 10], "texture": "#0"},
				"up": {"uv": [6.5, 8.5, 7, 9], "texture": "#0"},
				"down": {"uv": [6.5, 9.5, 7, 10], "texture": "#0"}
			}
		},
		{
			"name": "iron_halberd_32",
			"from": [6, 5.5, 8],
			"to": [6.5, 7, 8.5],
			"faces": {
				"north": {"uv": [6.5, 9, 6, 10.5], "texture": "#0"},
				"east": {"uv": [6, 9, 6.5, 10.5], "texture": "#0"},
				"south": {"uv": [6, 9, 6.5, 10.5], "texture": "#0"},
				"west": {"uv": [6, 9, 6.5, 10.5], "texture": "#0"},
				"up": {"uv": [6, 9, 6.5, 9.5], "texture": "#0"},
				"down": {"uv": [6, 10, 6.5, 10.5], "texture": "#0"}
			}
		},
		{
			"name": "iron_halberd_33",
			"from": [5.5, 5, 8],
			"to": [6, 6.5, 8.5],
			"faces": {
				"north": {"uv": [6, 9.5, 5.5, 11], "texture": "#0"},
				"east": {"uv": [5.5, 9.5, 6, 11], "texture": "#0"},
				"south": {"uv": [5.5, 9.5, 6, 11], "texture": "#0"},
				"west": {"uv": [5.5, 9.5, 6, 11], "texture": "#0"},
				"up": {"uv": [5.5, 9.5, 6, 10], "texture": "#0"},
				"down": {"uv": [5.5, 10.5, 6, 11], "texture": "#0"}
			}
		},
		{
			"name": "iron_halberd_34",
			"from": [5, 4.5, 8],
			"to": [5.5, 6, 8.5],
			"faces": {
				"north": {"uv": [5.5, 10, 5, 11.5], "texture": "#0"},
				"east": {"uv": [5, 10, 5.5, 11.5], "texture": "#0"},
				"south": {"uv": [5, 10, 5.5, 11.5], "texture": "#0"},
				"west": {"uv": [5, 10, 5.5, 11.5], "texture": "#0"},
				"up": {"uv": [5, 10, 5.5, 10.5], "texture": "#0"},
				"down": {"uv": [5, 11, 5.5, 11.5], "texture": "#0"}
			}
		},
		{
			"name": "iron_halberd_35",
			"from": [4.5, 4, 8],
			"to": [5, 5.5, 8.5],
			"faces": {
				"north": {"uv": [5, 10.5, 4.5, 12], "texture": "#0"},
				"east": {"uv": [4.5, 10.5, 5, 12], "texture": "#0"},
				"south": {"uv": [4.5, 10.5, 5, 12], "texture": "#0"},
				"west": {"uv": [4.5, 10.5, 5, 12], "texture": "#0"},
				"up": {"uv": [4.5, 10.5, 5, 11], "texture": "#0"},
				"down": {"uv": [4.5, 11.5, 5, 12], "texture": "#0"}
			}
		},
		{
			"name": "iron_halberd_36",
			"from": [4, 3.5, 8],
			"to": [4.5, 5, 8.5],
			"faces": {
				"north": {"uv": [4.5, 11, 4, 12.5], "texture": "#0"},
				"east": {"uv": [4, 11, 4.5, 12.5], "texture": "#0"},
				"south": {"uv": [4, 11, 4.5, 12.5], "texture": "#0"},
				"west": {"uv": [4, 11, 4.5, 12.5], "texture": "#0"},
				"up": {"uv": [4, 11, 4.5, 11.5], "texture": "#0"},
				"down": {"uv": [4, 12, 4.5, 12.5], "texture": "#0"}
			}
		},
		{
			"name": "iron_halberd_37",
			"from": [3.5, 3, 8],
			"to": [4, 4.5, 8.5],
			"faces": {
				"north": {"uv": [4, 11.5, 3.5, 13], "texture": "#0"},
				"east": {"uv": [3.5, 11.5, 4, 13], "texture": "#0"},
				"south": {"uv": [3.5, 11.5, 4, 13], "texture": "#0"},
				"west": {"uv": [3.5, 11.5, 4, 13], "texture": "#0"},
				"up": {"uv": [3.5, 11.5, 4, 12], "texture": "#0"},
				"down": {"uv": [3.5, 12.5, 4, 13], "texture": "#0"}
			}
		},
		{
			"name": "iron_halberd_38",
			"from": [3, 2.5, 8],
			"to": [3.5, 4, 8.5],
			"faces": {
				"north": {"uv": [3.5, 12, 3, 13.5], "texture": "#0"},
				"east": {"uv": [3, 12, 3.5, 13.5], "texture": "#0"},
				"south": {"uv": [3, 12, 3.5, 13.5], "texture": "#0"},
				"west": {"uv": [3, 12, 3.5, 13.5], "texture": "#0"},
				"up": {"uv": [3, 12, 3.5, 12.5], "texture": "#0"},
				"down": {"uv": [3, 13, 3.5, 13.5], "texture": "#0"}
			}
		},
		{
			"name": "iron_halberd_39",
			"from": [2.5, 2, 8],
			"to": [3, 3.5, 8.5],
			"faces": {
				"north": {"uv": [3, 12.5, 2.5, 14], "texture": "#0"},
				"east": {"uv": [2.5, 12.5, 3, 14], "texture": "#0"},
				"south": {"uv": [2.5, 12.5, 3, 14], "texture": "#0"},
				"west": {"uv": [2.5, 12.5, 3, 14], "texture": "#0"},
				"up": {"uv": [2.5, 12.5, 3, 13], "texture": "#0"},
				"down": {"uv": [2.5, 13.5, 3, 14], "texture": "#0"}
			}
		},
		{
			"name": "iron_halberd_40",
			"from": [2, 1.5, 8],
			"to": [2.5, 3, 8.5],
			"faces": {
				"north": {"uv": [2.5, 13, 2, 14.5], "texture": "#0"},
				"east": {"uv": [2, 13, 2.5, 14.5], "texture": "#0"},
				"south": {"uv": [2, 13, 2.5, 14.5], "texture": "#0"},
				"west": {"uv": [2, 13, 2.5, 14.5], "texture": "#0"},
				"up": {"uv": [2, 13, 2.5, 13.5], "texture": "#0"},
				"down": {"uv": [2, 14, 2.5, 14.5], "texture": "#0"}
			}
		},
		{
			"name": "iron_halberd_41",
			"from": [1.5, 1, 8],
			"to": [2, 2.5, 8.5],
			"faces": {
				"north": {"uv": [2, 13.5, 1.5, 15], "texture": "#0"},
				"east": {"uv": [1.5, 13.5, 2, 15], "texture": "#0"},
				"south": {"uv": [1.5, 13.5, 2, 15], "texture": "#0"},
				"west": {"uv": [1.5, 13.5, 2, 15], "texture": "#0"},
				"up": {"uv": [1.5, 13.5, 2, 14], "texture": "#0"},
				"down": {"uv": [1.5, 14.5, 2, 15], "texture": "#0"}
			}
		},
		{
			"name": "iron_halberd_42",
			"from": [1, 0.5, 8],
			"to": [1.5, 2, 8.5],
			"faces": {
				"north": {"uv": [1.5, 14, 1, 15.5], "texture": "#0"},
				"east": {"uv": [1, 14, 1.5, 15.5], "texture": "#0"},
				"south": {"uv": [1, 14, 1.5, 15.5], "texture": "#0"},
				"west": {"uv": [1, 14, 1.5, 15.5], "texture": "#0"},
				"up": {"uv": [1, 14, 1.5, 14.5], "texture": "#0"},
				"down": {"uv": [1, 15, 1.5, 15.5], "texture": "#0"}
			}
		},
		{
			"name": "iron_halberd_43",
			"from": [0.5, 0, 8],
			"to": [1, 1.5, 8.5],
			"faces": {
				"north": {"uv": [1, 14.5, 0.5, 16], "texture": "#0"},
				"east": {"uv": [0.5, 14.5, 1, 16], "texture": "#0"},
				"south": {"uv": [0.5, 14.5, 1, 16], "texture": "#0"},
				"west": {"uv": [0.5, 14.5, 1, 16], "texture": "#0"},
				"up": {"uv": [0.5, 14.5, 1, 15], "texture": "#0"},
				"down": {"uv": [0.5, 15.5, 1, 16], "texture": "#0"}
			}
		},
		{
			"name": "iron_halberd_44",
			"from": [0, 0, 8],
			"to": [0.5, 1, 8.5],
			"faces": {
				"north": {"uv": [0.5, 15, 0, 16], "texture": "#0"},
				"east": {"uv": [0, 15, 0.5, 16], "texture": "#0"},
				"south": {"uv": [0, 15, 0.5, 16], "texture": "#0"},
				"west": {"uv": [0, 15, 0.5, 16], "texture": "#0"},
				"up": {"uv": [0, 15, 0.5, 15.5], "texture": "#0"},
				"down": {"uv": [0, 15.5, 0.5, 16], "texture": "#0"}
			}
		}
	],
	"gui_light": "front",
	"display": {
		"thirdperson_righthand": {
			"rotation": [-40, -90, 0],
			"translation": [0.5, 4.25, 2.25],
			"scale": [1.75, 1.75, 1.75]
		},
		"thirdperson_lefthand": {
			"rotation": [-40, 90, 0],
			"translation": [0, 4.25, 2.25],
			"scale": [1.75, 1.75, 1.75]
		},
		"firstperson_righthand": {
			"rotation": [20, -90, 60],
			"translation": [2.5, 5.75, 2.5],
			"scale": [1.25, 1.25, 1.25]
		},
		"firstperson_lefthand": {
			"rotation": [-100, 90, 60],
			"translation": [2.5, 6.25, 1],
			"scale": [1.25, 1.25, 1.25]
		},
		"ground": {
			"translation": [0, 3.5, 0],
			"scale": [0.75, 0.75, 0.75]
		},
		"gui": {
			"translation": [0, 0.25, -80]
		},
		"head": {
			"translation": [0, 13.5, 0]
		},
		"fixed": {
			"translation": [1.5, 0.75, -0.5],
			"scale": [1.75, 1.75, 1.75]
		}
	},
	"groups": [
		{
			"name": "iron_halberd",
			"origin": [8, 8, 8],
			"color": 0,
			"children": [0, 1, 2, 3, 4, 5, 6, 7, 8, 9, 10, 11, 12, 13, 14, 15, 16, 17, 18, 19, 20, 21, 22, 23, 24, 25, 26, 27, 28, 29, 30, 31, 32, 33, 34, 35, 36, 37, 38, 39, 40, 41, 42, 43, 44]
		}
	]
}