{
	"credit": "Made with Blockbench",
	"textures": {
		"0": "custom/molding_bench_front",
		"1": "custom/molding_bench_side",
		"2": "custom/molding_bench_tool_side",
		"3": "custom/molding_bench_top",
		"4": "custom/molding_bench_bottom",
		"particle": "custom/molding_bench_front"
	},
	"elements": [
		{
			"from": [0, 0, 0],
			"to": [16, 16, 16],
			"faces": {
				"north": {"uv": [0, 0, 16, 16], "texture": "#0"},
				"east": {"uv": [0, 0, 16, 16], "texture": "#1"},
				"south": {"uv": [0, 0, 16, 16], "texture": "#2"},
				"west": {"uv": [0, 0, 16, 16], "texture": "#1"},
				"up": {"uv": [0, 0, 16, 16], "texture": "#3"},
				"down": {"uv": [0, 0, 16, 16], "texture": "#4"}
			}
		}
	],
	"display": {
		"thirdperson_righthand": {
			"rotation": [57, 41, 0],
			"translation": [0.5, 1.5, -1],
			"scale": [0.3, 0.3, 0.3]
		},
		"thirdperson_lefthand": {
			"scale": [0.3, 0.3, 0.3]
		},
		"firstperson_righthand": {
			"rotation": [1, 43, 0],
			"translation": [-2.25, 2, 1.75],
			"scale": [0.4, 0.4, 0.4]
		},
		"ground": {
			"scale": [0.3, 0.3, 0.3]
		},
		"gui": {
			"rotation": [35, 137, -1],
			"translation": [0.5, 0, 0],
			"scale": [0.65, 0.65, 0.65]
		},
		"fixed": {
			"rotation": [-90, 0, 0],
			"translation": [0, 0, -16],
			"scale": [2.02, 2.02, 2.02]
		}
	}
}