{
  "parent": "minecraft:item/handheld",
  "textures": {
    "layer0": "minecraft:item/diamond_sword"
  },
  "overrides": [
    {
      "predicate": {
        "custom_model_data": 99991
      },
      "model": "minecraft:item/dagger/diamond_dagger"
    },
    {
      "predicate": {
        "custom_model_data": 99992
      },
      "model": "minecraft:item/claymore/diamond_claymore"
    },
    {
      "predicate": {
        "custom_model_data": 99993
      },
      "model": "minecraft:item/cutlass/diamond_cutlass"
    },
    {
      "predicate": {
        "custom_model_data": 99995
      },
      "model": "minecraft:item/lance/diamond_lance"
    },
    {
      "predicate": {
        "custom_model_data": 99996
      },
      "model": "minecraft:item/rapier/diamond_rapier"
    },
    {
      "predicate": {
        "custom_model_data": 99998
      },
      "model": "minecraft:item/katana/diamond_katana"
    },
  {
      "predicate": {
        "custom_model_data": 999902
      },
      "model": "minecraft:item/scythe/diamond_scythe"
    }
  ]
}
