{
  "parent": "minecraft:item/handheld",
  "textures": {
    "layer0": "minecraft:item/diamond_axe"
  },
  "overrides": [
    {
      "predicate": {
        "custom_model_data": 99994
      }, 
        "model": "minecraft:item/battleaxe/diamond_battleaxe"
      },{
      "predicate": {
        "custom_model_data": 99999
      }, 
        "model": "minecraft:item/warhammer/diamond_warhammer"
      },
    {
      "predicate": {
        "custom_model_data": 999901
      },
      "model": "minecraft:item/halbert/diamond_halbert"
    }


  ]
}
