{
  "parent": "minecraft:item/handheld",
  "textures": {
    "layer0": "minecraft:item/golden_sword"
  },
  "overrides": [
    {
      "predicate": {
        "custom_model_data": 99991
      },
      "model": "minecraft:item/dagger/golden_dagger"
    },
    {
      "predicate": {
        "custom_model_data": 99992
      },
      "model": "minecraft:item/claymore/golden_claymore"
    },
    {
      "predicate": {
        "custom_model_data": 99993
      },
      "model": "minecraft:item/cutlass/golden_cutlass"
    },
    {
      "predicate": {
        "custom_model_data": 99995
      },
      "model": "minecraft:item/lance/golden_lance"
    },
    {
      "predicate": {
        "custom_model_data": 99996
      },
      "model": "minecraft:item/rapier/golden_rapier"
    },
    {
      "predicate": {
        "custom_model_data": 99998
      },
      "model": "minecraft:item/katana/golden_katana"
    },
 {
      "predicate": {
        "custom_model_data": 999902
      },
      "model": "minecraft:item/scythe/golden_scythe"
    }
  ]
}
