{
  "parent": "minecraft:item/handheld",
  "textures": {
    "layer0": "minecraft:item/iron_sword"
  },
  "overrides": [
    {
      "predicate": {
        "custom_model_data": 99991
      },
      "model": "minecraft:item/dagger/iron_dagger"
    },
    {
      "predicate": {
        "custom_model_data": 99992
      },
      "model": "minecraft:item/claymore/iron_claymore"
    },
    {
      "predicate": {
        "custom_model_data": 99993
      },
      "model": "minecraft:item/cutlass/iron_cutlass"
    },
{
      "predicate": {
        "custom_model_data": 99995
      },
      "model": "minecraft:item/lance/iron_lance"
    },
    {
      "predicate": {
        "custom_model_data": 99996
      },
      "model": "minecraft:item/rapier/iron_rapier"
    },
    {
      "predicate": {
        "custom_model_data": 99998
      },
      "model": "minecraft:item/katana/iron_katana"
    },
  {
      "predicate": {
        "custom_model_data": 999902
      },
      "model": "minecraft:item/scythe/iron_scythe"
    }
  ]
}
