{
  "parent": "minecraft:item/handheld",
  "textures": {
    "layer0": "minecraft:item/iron_axe"
  },
  "overrides": [
    {
      "predicate": {
        "custom_model_data": 99994
      }, 
        "model": "minecraft:item/battleaxe/iron_battleaxe"
      },{
      "predicate": {
        "custom_model_data": 99999
      }, 
        "model": "minecraft:item/warhammer/iron_warhammer"
      },
    {
      "predicate": {
        "custom_model_data": 999901
      },
      "model": "minecraft:item/halbert/iron_halbert"
    }

  ]
}
