{
  "parent": "minecraft:item/handheld",
  "textures": {
    "layer0": "minecraft:item/netherite_sword"
  },
  "overrides": [
    {
      "predicate": {
        "custom_model_data": 99991
      },
      "model": "minecraft:item/dagger/netherite_dagger"
    },
    {
      "predicate": {
        "custom_model_data": 99992
      },
      "model": "minecraft:item/claymore/netherite_claymore"
    },
    {
      "predicate": {
        "custom_model_data": 99993
      },
      "model": "minecraft:item/cutlass/netherite_cutlass"
    },
    {
      "predicate": {
        "custom_model_data": 99995
      },
      "model": "minecraft:item/lance/netherite_lance"
    },
    {
      "predicate": {
        "custom_model_data": 99996
      },
      "model": "minecraft:item/rapier/netherite_rapier"
    },
    {
      "predicate": {
        "custom_model_data": 99998
      },
      "model": "minecraft:item/katana/netherite_katana"
    },
{
      "predicate": {
        "custom_model_data": 999902
      },
      "model": "minecraft:item/scythe/netherite_scythe"
    }
  ]
}
