{
  "parent": "minecraft:item/handheld",
  "textures": {
    "layer0": "minecraft:item/stone_sword"
  },
  "overrides": [
    {
      "predicate": {
        "custom_model_data": 99991
      },
      "model": "minecraft:item/dagger/stone_dagger"
    },
    {
      "predicate": {
        "custom_model_data": 99992
      },
      "model": "minecraft:item/claymore/stone_claymore"
    },
{
      "predicate": {
        "custom_model_data": 99993
      },
      "model": "minecraft:item/cutlass/stone_cutlass"
    },
    {
      "predicate": {
        "custom_model_data": 99995
      },
      "model": "minecraft:item/lance/stone_lance"
    },
    {
      "predicate": {
        "custom_model_data": 99996
      },
      "model": "minecraft:item/rapier/stone_rapier"
    },
    {
      "predicate": {
        "custom_model_data": 99998
      },
      "model": "minecraft:item/katana/stone_katana"
    },
 {
      "predicate": {
        "custom_model_data": 999902
      },
      "model": "minecraft:item/scythe/stone_scythe"
    }
  ]
}
