{
  "parent": "minecraft:item/handheld",
  "textures": {
    "layer0": "minecraft:item/stone_axe"
  },
  "overrides": [
    {
      "predicate": {
        "custom_model_data": 99994
      }, 
        "model": "minecraft:item/battleaxe/stone_battleaxe"
      },{
      "predicate": {
        "custom_model_data": 99999
      }, 
        "model": "minecraft:item/warhammer/stone_warhammer"
      },
    {
      "predicate": {
        "custom_model_data": 999901
      },
      "model": "minecraft:item/halbert/stone_halbert"
    }

  ]
}
