{
	"credit": "Made with Blockbench",
	"texture_size": [64, 64],
	"textures": {
		"1": "custom/iron_round_shield"
	},
	"elements": [
		{
			"name": "front",
			"from": [0, 0, 6],
			"to": [16, 16, 8],
			"faces": {
				"north": {"uv": [0, 8, 4, 12], "texture": "#1"},
				"east": {"uv": [4, 8, 4.75, 12], "texture": "#1"},
				"south": {"uv": [0, 12, 4, 16], "texture": "#1"},
				"west": {"uv": [4, 12, 4.75, 16], "texture": "#1"},
				"up": {"uv": [8.75, 8.75, 4.75, 8], "texture": "#1"},
				"down": {"uv": [8.75, 8.75, 4.75, 9.5], "texture": "#1"}
			}
		},
		{
			"name": "handle",
			"from": [6.5, 5, 7.5],
			"to": [9.5, 10, 12.5],
			"faces": {
				"north": {"uv": [6, 9.5, 7.25, 10.25], "rotation": 90, "texture": "#1"},
				"east": {"uv": [6, 10.75, 4.75, 12], "rotation": 180, "texture": "#1"},
				"south": {"uv": [4.75, 12.75, 6, 13.5], "rotation": 270, "texture": "#1"},
				"west": {"uv": [6, 10.75, 4.75, 9.5], "texture": "#1"},
				"up": {"uv": [4.75, 12, 6, 12.75], "rotation": 270, "texture": "#1"},
				"down": {"uv": [4.75, 13.5, 6, 14.25], "rotation": 270, "texture": "#1"}
			}
		}
	],
	"gui_light": "front",
	"display": {
		"thirdperson_righthand": {
			"rotation": [45, -45, -15],
			"translation": [2.25, 0, 3.25],
			"scale": [0.75, 0.75, 0.75]
		},
		"thirdperson_lefthand": {
			"rotation": [45, -45, -15],
			"translation": [2.25, 0, 3.25],
			"scale": [0.75, 0.75, 0.75]
		},
		"firstperson_righthand": {
			"rotation": [-5, -5, 2],
			"translation": [-1, 1, 0],
			"scale": [0.75, 0.75, 0.75]
		},
		"firstperson_lefthand": {
			"rotation": [-5, -5, 0],
			"translation": [-1, 1, 0],
			"scale": [0.75, 0.75, 0.75]
		},
		"ground": {
			"translation": [0, 0.75, 0],
			"scale": [0.5, 0.5, 0.5]
		},
		"gui": {
			"rotation": [180, 35, -170],
			"translation": [0.25, -0.25, 0],
			"scale": [0.8, 0.8, 1]
		},
		"head": {
			"translation": [0, 0.25, -6.25],
			"scale": [0.75, 0.75, 0.75]
		},
		"fixed": {
			"translation": [0, 0, 0.25],
			"scale": [0.75, 0.75, 0.75]
		}
	}
}