{
	"credit": "Made with Blockbench",
	"texture_size": [64, 64],
	"textures": {
		"1": "custom/iron_round_shield"
	},
	"elements": [
		{
			"name": "front",
			"from": [0, 0, 6],
			"to": [16, 16, 8],
			"faces": {
				"north": {"uv": [0, 0, 4, 4], "texture": "#1"},
				"east": {"uv": [4, 0, 4.75, 4], "texture": "#1"},
				"south": {"uv": [0, 4, 4, 8], "texture": "#1"},
				"west": {"uv": [4, 4, 4.75, 8], "texture": "#1"},
				"up": {"uv": [8.75, 0.75, 4.75, 0], "texture": "#1"},
				"down": {"uv": [8.75, 0.75, 4.75, 1.5], "texture": "#1"}
			}
		},
		{
			"name": "handle",
			"from": [5.5, 6, 8],
			"to": [10.5, 9, 13],
			"faces": {
				"north": {"uv": [4.75, 4, 6, 4.75], "texture": "#1"},
				"east": {"uv": [4.75, 4.75, 6, 5.5], "texture": "#1"},
				"south": {"uv": [4.75, 5.5, 6, 6.25], "texture": "#1"},
				"west": {"uv": [6, 1.5, 7.25, 2.25], "texture": "#1"},
				"up": {"uv": [6, 2.75, 4.75, 1.5], "texture": "#1"},
				"down": {"uv": [6, 2.75, 4.75, 4], "texture": "#1"}
			}
		}
	],
	"gui_light": "front",
	"display": {
		"thirdperson_righthand": {
			"rotation": [90, -90, 0],
			"translation": [2.25, -2, 3.25],
			"scale": [0.75, 0.75, 0.75]
		},
		"thirdperson_lefthand": {
			"rotation": [90, -90, 0],
			"translation": [2.25, -2, 3.25],
			"scale": [0.75, 0.75, 0.75]
		},
		"firstperson_righthand": {
			"rotation": [-5, 5, 0],
			"translation": [3.5, -2, 0],
			"scale": [0.75, 0.75, 0.75]
		},
		"firstperson_lefthand": {
			"rotation": [-5, 5, 0],
			"translation": [3.5, -2, 0],
			"scale": [0.75, 0.75, 0.75]
		},
		"ground": {
			"translation": [0, 0.75, 0],
			"scale": [0.5, 0.5, 0.5]
		},
		"gui": {
			"rotation": [180, 35, -170],
			"translation": [0.25, -0.25, 0],
			"scale": [0.8, 0.8, 1]
		},
		"head": {
			"translation": [0, 0.25, -6.25],
			"scale": [0.75, 0.75, 0.75]
		},
		"fixed": {
			"translation": [0, 0, 0.25],
			"scale": [0.75, 0.75, 0.75]
		}
	}
}