{
	"credit": "Made with Blockbench",
	"textures": {
		"2": "custom/stone_rapier_hilt",
		"3": "custom/stone_rapier_one",
		"4": "custom/stone_rapier_two",
		"particle": "custom/stone_rapier_hilt"
	},
	"elements": [
		{
			"name": "side_1",
			"from": [15, 9, -2],
			"to": [16, 12, -1],
			"rotation": {"angle": 45, "axis": "z", "origin": [15, 0, 25]},
			"faces": {
				"north": {"uv": [0, 0, 15, 14], "texture": "#2"},
				"east": {"uv": [0, 0, 15, 14], "texture": "#2"},
				"south": {"uv": [0, 0, 15, 14], "texture": "#2"},
				"west": {"uv": [0, 0, 15, 14], "texture": "#2"},
				"up": {"uv": [0, 0, 15, 14], "texture": "#2"},
				"down": {"uv": [0, 0, 15, 14], "texture": "#2"}
			}
		},
		{
			"name": "hilt",
			"from": [16, 9, -1],
			"to": [17, 12, 2],
			"rotation": {"angle": 45, "axis": "z", "origin": [15, 0, 25]},
			"faces": {
				"north": {"uv": [0, 0, 15, 14], "texture": "#2"},
				"east": {"uv": [0, 0, 15, 14], "texture": "#2"},
				"south": {"uv": [0, 0, 15, 14], "texture": "#2"},
				"west": {"uv": [0, 0, 15, 14], "texture": "#2"},
				"up": {"uv": [0, 0, 15, 14], "texture": "#2"},
				"down": {"uv": [0, 0, 15, 14], "texture": "#2"}
			}
		},
		{
			"name": "side_2",
			"from": [15, 12, -1],
			"to": [16, 13, 2],
			"rotation": {"angle": 45, "axis": "z", "origin": [15, 0, 25]},
			"faces": {
				"north": {"uv": [0, 1, 3, 2], "texture": "#2"},
				"east": {"uv": [0, 1, 3, 2], "texture": "#2"},
				"south": {"uv": [0, 1, 3, 2], "texture": "#2"},
				"west": {"uv": [0, 1, 3, 2], "texture": "#2"},
				"up": {"uv": [0, 1, 3, 2], "texture": "#2"},
				"down": {"uv": [0, 1, 3, 2], "texture": "#2"}
			}
		},
		{
			"name": "side_4",
			"from": [15, 8, -1],
			"to": [16, 9, 2],
			"rotation": {"angle": 45, "axis": "z", "origin": [15, 0, 25]},
			"faces": {
				"north": {"uv": [0, 0, 15, 12], "texture": "#2"},
				"east": {"uv": [0, 0, 15, 12], "texture": "#2"},
				"south": {"uv": [0, 0, 15, 12], "texture": "#2"},
				"west": {"uv": [0, 0, 15, 12], "texture": "#2"},
				"up": {"uv": [0, 0, 15, 12], "texture": "#2"},
				"down": {"uv": [0, 0, 15, 12], "texture": "#2"}
			}
		},
		{
			"name": "side_3",
			"from": [15, 9, 2],
			"to": [16, 12, 3],
			"rotation": {"angle": 45, "axis": "z", "origin": [15, 0, 25]},
			"faces": {
				"north": {"uv": [0, 0, 15, 14], "texture": "#2"},
				"east": {"uv": [0, 0, 15, 14], "texture": "#2"},
				"south": {"uv": [0, 0, 15, 14], "texture": "#2"},
				"west": {"uv": [0, 0, 15, 14], "texture": "#2"},
				"up": {"uv": [0, 0, 15, 14], "texture": "#2"},
				"down": {"uv": [0, 0, 15, 14], "texture": "#2"}
			}
		},
		{
			"name": "down_hilt",
			"from": [13, 8, -2],
			"to": [15, 13, 3],
			"rotation": {"angle": 45, "axis": "z", "origin": [15, 0, 25]},
			"faces": {
				"north": {"uv": [0, 0, 16, 16], "texture": "#2"},
				"east": {"uv": [0, 0, 16, 16], "texture": "#2"},
				"south": {"uv": [0, 0, 16, 16], "texture": "#2"},
				"west": {"uv": [0, 0, 16, 16], "texture": "#2"},
				"up": {"uv": [0, 0, 16, 16], "texture": "#2"},
				"down": {"uv": [0, 0, 16, 16], "texture": "#2"}
			}
		},
		{
			"from": [13, 5, 0],
			"to": [14, 16, 1],
			"rotation": {"angle": 45, "axis": "z", "origin": [15, 0, 25]},
			"faces": {
				"north": {"uv": [0, 0, 1, 11], "texture": "#2"},
				"east": {"uv": [0, 0, 1, 11], "texture": "#2"},
				"south": {"uv": [0, 0, 1, 11], "texture": "#2"},
				"west": {"uv": [0, 0, 1, 11], "texture": "#2"},
				"up": {"uv": [0, 0, 1, 11], "texture": "#2"},
				"down": {"uv": [0, 0, 1, 11], "texture": "#2"}
			}
		},
		{
			"name": "stone_rapier_one_0",
			"from": [14, 13, 0],
			"to": [15, 16, 1],
			"faces": {
				"north": {"uv": [15, 0, 14, 3], "texture": "#3"},
				"east": {"uv": [14, 0, 15, 3], "texture": "#3"},
				"south": {"uv": [14, 0, 15, 3], "texture": "#3"},
				"west": {"uv": [14, 0, 15, 3], "texture": "#3"},
				"up": {"uv": [14, 0, 15, 1], "texture": "#3"},
				"down": {"uv": [14, 2, 15, 3], "texture": "#3"}
			}
		},
		{
			"name": "stone_rapier_one_1",
			"from": [13, 12, 0],
			"to": [14, 15, 1],
			"faces": {
				"north": {"uv": [14, 1, 13, 4], "texture": "#3"},
				"east": {"uv": [13, 1, 14, 4], "texture": "#3"},
				"south": {"uv": [13, 1, 14, 4], "texture": "#3"},
				"west": {"uv": [13, 1, 14, 4], "texture": "#3"},
				"up": {"uv": [13, 1, 14, 2], "texture": "#3"},
				"down": {"uv": [13, 3, 14, 4], "texture": "#3"}
			}
		},
		{
			"name": "stone_rapier_one_2",
			"from": [15, 14, 0],
			"to": [16, 15, 1],
			"faces": {
				"north": {"uv": [16, 1, 15, 2], "texture": "#3"},
				"east": {"uv": [15, 1, 16, 2], "texture": "#3"},
				"south": {"uv": [15, 1, 16, 2], "texture": "#3"},
				"west": {"uv": [15, 1, 16, 2], "texture": "#3"},
				"up": {"uv": [15, 1, 16, 2], "texture": "#3"},
				"down": {"uv": [15, 1, 16, 2], "texture": "#3"}
			}
		},
		{
			"name": "stone_rapier_one_3",
			"from": [12, 11, 0],
			"to": [13, 14, 1],
			"faces": {
				"north": {"uv": [13, 2, 12, 5], "texture": "#3"},
				"east": {"uv": [12, 2, 13, 5], "texture": "#3"},
				"south": {"uv": [12, 2, 13, 5], "texture": "#3"},
				"west": {"uv": [12, 2, 13, 5], "texture": "#3"},
				"up": {"uv": [12, 2, 13, 3], "texture": "#3"},
				"down": {"uv": [12, 4, 13, 5], "texture": "#3"}
			}
		},
		{
			"name": "stone_rapier_one_4",
			"from": [11, 10, 0],
			"to": [12, 13, 1],
			"faces": {
				"north": {"uv": [12, 3, 11, 6], "texture": "#3"},
				"east": {"uv": [11, 3, 12, 6], "texture": "#3"},
				"south": {"uv": [11, 3, 12, 6], "texture": "#3"},
				"west": {"uv": [11, 3, 12, 6], "texture": "#3"},
				"up": {"uv": [11, 3, 12, 4], "texture": "#3"},
				"down": {"uv": [11, 5, 12, 6], "texture": "#3"}
			}
		},
		{
			"name": "stone_rapier_one_5",
			"from": [10, 9, 0],
			"to": [11, 12, 1],
			"faces": {
				"north": {"uv": [11, 4, 10, 7], "texture": "#3"},
				"east": {"uv": [10, 4, 11, 7], "texture": "#3"},
				"south": {"uv": [10, 4, 11, 7], "texture": "#3"},
				"west": {"uv": [10, 4, 11, 7], "texture": "#3"},
				"up": {"uv": [10, 4, 11, 5], "texture": "#3"},
				"down": {"uv": [10, 6, 11, 7], "texture": "#3"}
			}
		},
		{
			"name": "stone_rapier_one_6",
			"from": [9, 8, 0],
			"to": [10, 11, 1],
			"faces": {
				"north": {"uv": [10, 5, 9, 8], "texture": "#3"},
				"east": {"uv": [9, 5, 10, 8], "texture": "#3"},
				"south": {"uv": [9, 5, 10, 8], "texture": "#3"},
				"west": {"uv": [9, 5, 10, 8], "texture": "#3"},
				"up": {"uv": [9, 5, 10, 6], "texture": "#3"},
				"down": {"uv": [9, 7, 10, 8], "texture": "#3"}
			}
		},
		{
			"name": "stone_rapier_one_7",
			"from": [8, 7, 0],
			"to": [9, 10, 1],
			"faces": {
				"north": {"uv": [9, 6, 8, 9], "texture": "#3"},
				"east": {"uv": [8, 6, 9, 9], "texture": "#3"},
				"south": {"uv": [8, 6, 9, 9], "texture": "#3"},
				"west": {"uv": [8, 6, 9, 9], "texture": "#3"},
				"up": {"uv": [8, 6, 9, 7], "texture": "#3"},
				"down": {"uv": [8, 8, 9, 9], "texture": "#3"}
			}
		},
		{
			"name": "stone_rapier_one_8",
			"from": [7, 6, 0],
			"to": [8, 9, 1],
			"faces": {
				"north": {"uv": [8, 7, 7, 10], "texture": "#3"},
				"east": {"uv": [7, 7, 8, 10], "texture": "#3"},
				"south": {"uv": [7, 7, 8, 10], "texture": "#3"},
				"west": {"uv": [7, 7, 8, 10], "texture": "#3"},
				"up": {"uv": [7, 7, 8, 8], "texture": "#3"},
				"down": {"uv": [7, 9, 8, 10], "texture": "#3"}
			}
		},
		{
			"name": "stone_rapier_one_9",
			"from": [2, 7, 0],
			"to": [7, 8, 1],
			"faces": {
				"north": {"uv": [7, 8, 2, 9], "texture": "#3"},
				"east": {"uv": [6, 8, 7, 9], "texture": "#3"},
				"south": {"uv": [2, 8, 7, 9], "texture": "#3"},
				"west": {"uv": [2, 8, 3, 9], "texture": "#3"},
				"up": {"uv": [2, 8, 7, 9], "texture": "#3"},
				"down": {"uv": [2, 8, 7, 9], "texture": "#3"}
			}
		},
		{
			"name": "stone_rapier_one_10",
			"from": [1, 6, 0],
			"to": [2, 7, 1],
			"faces": {
				"north": {"uv": [2, 9, 1, 10], "texture": "#3"},
				"east": {"uv": [1, 9, 2, 10], "texture": "#3"},
				"south": {"uv": [1, 9, 2, 10], "texture": "#3"},
				"west": {"uv": [1, 9, 2, 10], "texture": "#3"},
				"up": {"uv": [1, 9, 2, 10], "texture": "#3"},
				"down": {"uv": [1, 9, 2, 10], "texture": "#3"}
			}
		},
		{
			"name": "stone_rapier_one_11",
			"from": [5, 5, 0],
			"to": [7, 7, 1],
			"faces": {
				"north": {"uv": [7, 9, 5, 11], "texture": "#3"},
				"east": {"uv": [6, 9, 7, 11], "texture": "#3"},
				"south": {"uv": [5, 9, 7, 11], "texture": "#3"},
				"west": {"uv": [5, 9, 6, 11], "texture": "#3"},
				"up": {"uv": [5, 9, 7, 10], "texture": "#3"},
				"down": {"uv": [5, 10, 7, 11], "texture": "#3"}
			}
		},
		{
			"name": "stone_rapier_one_12",
			"from": [0, 3, 0],
			"to": [1, 6, 1],
			"faces": {
				"north": {"uv": [1, 10, 0, 13], "texture": "#3"},
				"east": {"uv": [0, 10, 1, 13], "texture": "#3"},
				"south": {"uv": [0, 10, 1, 13], "texture": "#3"},
				"west": {"uv": [0, 10, 1, 13], "texture": "#3"},
				"up": {"uv": [0, 10, 1, 11], "texture": "#3"},
				"down": {"uv": [0, 12, 1, 13], "texture": "#3"}
			}
		},
		{
			"name": "stone_rapier_one_13",
			"from": [4, 3, 0],
			"to": [5, 6, 1],
			"faces": {
				"north": {"uv": [5, 10, 4, 13], "texture": "#3"},
				"east": {"uv": [4, 10, 5, 13], "texture": "#3"},
				"south": {"uv": [4, 10, 5, 13], "texture": "#3"},
				"west": {"uv": [4, 10, 5, 13], "texture": "#3"},
				"up": {"uv": [4, 10, 5, 11], "texture": "#3"},
				"down": {"uv": [4, 12, 5, 13], "texture": "#3"}
			}
		},
		{
			"name": "stone_rapier_one_14",
			"from": [3, 2, 0],
			"to": [4, 5, 1],
			"faces": {
				"north": {"uv": [4, 11, 3, 14], "texture": "#3"},
				"east": {"uv": [3, 11, 4, 14], "texture": "#3"},
				"south": {"uv": [3, 11, 4, 14], "texture": "#3"},
				"west": {"uv": [3, 11, 4, 14], "texture": "#3"},
				"up": {"uv": [3, 11, 4, 12], "texture": "#3"},
				"down": {"uv": [3, 13, 4, 14], "texture": "#3"}
			}
		},
		{
			"name": "stone_rapier_one_15",
			"from": [5, 4, 0],
			"to": [6, 5, 1],
			"faces": {
				"north": {"uv": [6, 11, 5, 12], "texture": "#3"},
				"east": {"uv": [5, 11, 6, 12], "texture": "#3"},
				"south": {"uv": [5, 11, 6, 12], "texture": "#3"},
				"west": {"uv": [5, 11, 6, 12], "texture": "#3"},
				"up": {"uv": [5, 11, 6, 12], "texture": "#3"},
				"down": {"uv": [5, 11, 6, 12], "texture": "#3"}
			}
		},
		{
			"name": "stone_rapier_one_16",
			"from": [2, 1, 0],
			"to": [3, 4, 1],
			"faces": {
				"north": {"uv": [3, 12, 2, 15], "texture": "#3"},
				"east": {"uv": [2, 12, 3, 15], "texture": "#3"},
				"south": {"uv": [2, 12, 3, 15], "texture": "#3"},
				"west": {"uv": [2, 12, 3, 15], "texture": "#3"},
				"up": {"uv": [2, 12, 3, 13], "texture": "#3"},
				"down": {"uv": [2, 14, 3, 15], "texture": "#3"}
			}
		},
		{
			"name": "stone_rapier_one_17",
			"from": [1, 0, 0],
			"to": [2, 3, 1],
			"faces": {
				"north": {"uv": [2, 13, 1, 16], "texture": "#3"},
				"east": {"uv": [1, 13, 2, 16], "texture": "#3"},
				"south": {"uv": [1, 13, 2, 16], "texture": "#3"},
				"west": {"uv": [1, 13, 2, 16], "texture": "#3"},
				"up": {"uv": [1, 13, 2, 14], "texture": "#3"},
				"down": {"uv": [1, 15, 2, 16], "texture": "#3"}
			}
		},
		{
			"name": "stone_rapier_one_18",
			"from": [0, 0, 0],
			"to": [1, 2, 1],
			"faces": {
				"north": {"uv": [1, 14, 0, 16], "texture": "#3"},
				"east": {"uv": [0, 14, 1, 16], "texture": "#3"},
				"south": {"uv": [0, 14, 1, 16], "texture": "#3"},
				"west": {"uv": [0, 14, 1, 16], "texture": "#3"},
				"up": {"uv": [0, 14, 1, 15], "texture": "#3"},
				"down": {"uv": [0, 15, 1, 16], "texture": "#3"}
			}
		},
		{
			"name": "stone_rapier_two_0",
			"from": [21, 21, 0],
			"to": [23, 23, 1],
			"faces": {
				"north": {"uv": [8, 8, 6, 10], "texture": "#4"},
				"east": {"uv": [7, 8, 8, 10], "texture": "#4"},
				"south": {"uv": [6, 8, 8, 10], "texture": "#4"},
				"west": {"uv": [6, 8, 7, 10], "texture": "#4"},
				"up": {"uv": [6, 8, 8, 9], "texture": "#4"},
				"down": {"uv": [6, 9, 8, 10], "texture": "#4"}
			}
		},
		{
			"name": "stone_rapier_two_1",
			"from": [20, 19, 0],
			"to": [21, 22, 1],
			"faces": {
				"north": {"uv": [6, 9, 5, 12], "texture": "#4"},
				"east": {"uv": [5, 9, 6, 12], "texture": "#4"},
				"south": {"uv": [5, 9, 6, 12], "texture": "#4"},
				"west": {"uv": [5, 9, 6, 12], "texture": "#4"},
				"up": {"uv": [5, 9, 6, 10], "texture": "#4"},
				"down": {"uv": [5, 11, 6, 12], "texture": "#4"}
			}
		},
		{
			"name": "stone_rapier_two_2",
			"from": [19, 18, 0],
			"to": [20, 21, 1],
			"faces": {
				"north": {"uv": [5, 10, 4, 13], "texture": "#4"},
				"east": {"uv": [4, 10, 5, 13], "texture": "#4"},
				"south": {"uv": [4, 10, 5, 13], "texture": "#4"},
				"west": {"uv": [4, 10, 5, 13], "texture": "#4"},
				"up": {"uv": [4, 10, 5, 11], "texture": "#4"},
				"down": {"uv": [4, 12, 5, 13], "texture": "#4"}
			}
		},
		{
			"name": "stone_rapier_two_3",
			"from": [21, 20, 0],
			"to": [22, 21, 1],
			"faces": {
				"north": {"uv": [7, 10, 6, 11], "texture": "#4"},
				"east": {"uv": [6, 10, 7, 11], "texture": "#4"},
				"south": {"uv": [6, 10, 7, 11], "texture": "#4"},
				"west": {"uv": [6, 10, 7, 11], "texture": "#4"},
				"up": {"uv": [6, 10, 7, 11], "texture": "#4"},
				"down": {"uv": [6, 10, 7, 11], "texture": "#4"}
			}
		},
		{
			"name": "stone_rapier_two_4",
			"from": [18, 17, 0],
			"to": [19, 20, 1],
			"faces": {
				"north": {"uv": [4, 11, 3, 14], "texture": "#4"},
				"east": {"uv": [3, 11, 4, 14], "texture": "#4"},
				"south": {"uv": [3, 11, 4, 14], "texture": "#4"},
				"west": {"uv": [3, 11, 4, 14], "texture": "#4"},
				"up": {"uv": [3, 11, 4, 12], "texture": "#4"},
				"down": {"uv": [3, 13, 4, 14], "texture": "#4"}
			}
		},
		{
			"name": "stone_rapier_two_5",
			"from": [17, 16, 0],
			"to": [18, 19, 1],
			"faces": {
				"north": {"uv": [3, 12, 2, 15], "texture": "#4"},
				"east": {"uv": [2, 12, 3, 15], "texture": "#4"},
				"south": {"uv": [2, 12, 3, 15], "texture": "#4"},
				"west": {"uv": [2, 12, 3, 15], "texture": "#4"},
				"up": {"uv": [2, 12, 3, 13], "texture": "#4"},
				"down": {"uv": [2, 14, 3, 15], "texture": "#4"}
			}
		},
		{
			"name": "stone_rapier_two_6",
			"from": [16, 15, 0],
			"to": [17, 18, 1],
			"faces": {
				"north": {"uv": [2, 13, 1, 16], "texture": "#4"},
				"east": {"uv": [1, 13, 2, 16], "texture": "#4"},
				"south": {"uv": [1, 13, 2, 16], "texture": "#4"},
				"west": {"uv": [1, 13, 2, 16], "texture": "#4"},
				"up": {"uv": [1, 13, 2, 14], "texture": "#4"},
				"down": {"uv": [1, 15, 2, 16], "texture": "#4"}
			}
		},
		{
			"name": "stone_rapier_two_7",
			"from": [15, 15, 0],
			"to": [16, 17, 1],
			"faces": {
				"north": {"uv": [1, 14, 0, 16], "texture": "#4"},
				"east": {"uv": [0, 14, 1, 16], "texture": "#4"},
				"south": {"uv": [0, 14, 1, 16], "texture": "#4"},
				"west": {"uv": [0, 14, 1, 16], "texture": "#4"},
				"up": {"uv": [0, 14, 1, 15], "texture": "#4"},
				"down": {"uv": [0, 15, 1, 16], "texture": "#4"}
			}
		}
	],
	"gui_light": "front",
	"display": {
		"thirdperson_righthand": {
			"rotation": [-45, -90, 0],
			"translation": [-6.75, 3.5, 1.5],
			"scale": [0.9, 0.9, 0.9]
		},
		"thirdperson_lefthand": {
			"rotation": [-45, 90, 0],
			"translation": [7, 4, 1.5],
			"scale": [0.9, 0.9, 0.9]
		},
		"firstperson_righthand": {
			"rotation": [8, -90, 60],
			"translation": [-3.25, 5.25, 1],
			"scale": [0.75, 0.75, 0.75]
		},
		"firstperson_lefthand": {
			"rotation": [8, 90, -60],
			"translation": [8.25, 5.25, 1.5],
			"scale": [0.75, 0.75, 0.75]
		},
		"ground": {
			"translation": [2.75, 3.25, 3.75],
			"scale": [0.5, 0.5, 0.5]
		},
		"gui": {
			"translation": [-2.25, -2.5, -80],
			"scale": [0.7, 0.7, 0.7]
		},
		"fixed": {
			"translation": [-2.5, -1.5, 6.75],
			"scale": [0.9, 0.9, 0.9]
		}
	},
	"groups": [
		{
			"name": "hilt",
			"origin": [0, 0, 0],
			"color": 0,
			"children": [0, 1, 2, 3, 4, 5, 6]
		},
		{
			"name": "stone_rapier_one",
			"origin": [8, 8, 8],
			"color": 0,
			"children": [7, 8, 9, 10, 11, 12, 13, 14, 15, 16, 17, 18, 19, 20, 21, 22, 23, 24, 25]
		},
		{
			"name": "stone_rapier_two",
			"origin": [8, 8, 8],
			"color": 0,
			"children": [26, 27, 28, 29, 30, 31, 32, 33]
		}
	]
}