{
	"credit": "Made with Blockbench",
	"texture_size": [32, 32],
	"textures": {
		"1": "custom/diamond_rapier_hilt",
		"2": "custom/stripped_dark_oak_log",
		"3": "custom/diamond_block",
		"particle": "custom/diamond_rapier_hilt"
	},
	"elements": [
		{
			"name": "stick",
			"from": [-1, 19, 8],
			"to": [5, 20, 9],
			"faces": {
				"north": {"uv": [0, 0, 8, 8], "texture": "#2"},
				"east": {"uv": [0, 0, 8, 8], "texture": "#2"},
				"south": {"uv": [0, 0, 8, 8], "texture": "#2"},
				"west": {"uv": [0, 0, 8, 8], "texture": "#2"},
				"up": {"uv": [0, 0, 8, 8], "texture": "#2"},
				"down": {"uv": [0, 0, 8, 8], "texture": "#2"}
			}
		},
		{
			"name": "hilt_top",
			"from": [-6.4, 21, 7],
			"to": [-3.4, 21.5, 10],
			"rotation": {"angle": -22.5, "axis": "z", "origin": [0, 0, 0]},
			"faces": {
				"north": {"uv": [0, 0, 16, 14.25], "texture": "#1"},
				"east": {"uv": [0, 0, 16, 14.25], "texture": "#1"},
				"south": {"uv": [0, 0, 16, 14.25], "texture": "#1"},
				"west": {"uv": [0, 0, 16, 14.25], "texture": "#1"},
				"up": {"uv": [0, 0, 16, 14.25], "texture": "#1"},
				"down": {"uv": [0, 0, 16, 14.25], "texture": "#1"}
			}
		},
		{
			"name": "hilt_bottom",
			"from": [8.5, 14.5, 7],
			"to": [11.5, 15, 10],
			"rotation": {"angle": 22.5, "axis": "z", "origin": [0, 0, 0]},
			"faces": {
				"north": {"uv": [0, 0, 16, 14.25], "texture": "#1"},
				"east": {"uv": [0, 0, 16, 14.25], "texture": "#1"},
				"south": {"uv": [0, 0, 16, 14.25], "texture": "#1"},
				"west": {"uv": [0, 0, 16, 14.25], "texture": "#1"},
				"up": {"uv": [0, 0, 16, 14.25], "texture": "#1"},
				"down": {"uv": [0, 0, 16, 14.25], "texture": "#1"}
			}
		},
		{
			"name": "hilt_right",
			"from": [-2.2, 18, 10.8],
			"to": [0.8, 21, 11.3],
			"rotation": {"angle": 22.5, "axis": "y", "origin": [0, 0, 0]},
			"faces": {
				"north": {"uv": [0, 0, 16, 15.5], "rotation": 180, "texture": "#1"},
				"east": {"uv": [0, 0, 16, 15.5], "rotation": 180, "texture": "#1"},
				"south": {"uv": [0, 0, 16, 15.5], "rotation": 180, "texture": "#1"},
				"west": {"uv": [0, 0, 16, 15.5], "rotation": 180, "texture": "#1"},
				"up": {"uv": [0, 0, 16, 15.5], "rotation": 180, "texture": "#1"},
				"down": {"uv": [0, 0, 16, 15.5], "rotation": 180, "texture": "#1"}
			}
		},
		{
			"name": "hilt_left",
			"from": [4.3, 18, 4.5],
			"to": [7.3, 21, 5],
			"rotation": {"angle": -22.5, "axis": "y", "origin": [0, 0, 0]},
			"faces": {
				"north": {"uv": [0, 0, 16, 15.5], "rotation": 180, "texture": "#1"},
				"east": {"uv": [0, 0, 16, 15.5], "rotation": 180, "texture": "#1"},
				"south": {"uv": [0, 0, 16, 15.5], "rotation": 180, "texture": "#1"},
				"west": {"uv": [0, 0, 16, 15.5], "rotation": 180, "texture": "#1"},
				"up": {"uv": [0, 0, 16, 15.5], "rotation": 180, "texture": "#1"},
				"down": {"uv": [0, 0, 16, 15.5], "rotation": 180, "texture": "#1"}
			}
		},
		{
			"name": "hilt",
			"from": [4.5, 18.2, 7.3],
			"to": [4.8, 21.2, 9.8],
			"faces": {
				"north": {"uv": [0, 0, 16, 16], "texture": "#1"},
				"east": {"uv": [0, 0, 16, 16], "texture": "#1"},
				"south": {"uv": [0, 0, 16, 16], "texture": "#1"},
				"west": {"uv": [0, 0, 16, 16], "texture": "#1"},
				"up": {"uv": [0, 0, 16, 16], "texture": "#1"},
				"down": {"uv": [0, 0, 16, 16], "texture": "#1"}
			}
		},
		{
			"name": "middle",
			"from": [11, 18.5, 7.5],
			"to": [15, 20.5, 9.5],
			"faces": {
				"north": {"uv": [1, 1, 15, 15], "texture": "#3"},
				"east": {"uv": [1, 1, 15, 15], "texture": "#3"},
				"south": {"uv": [1, 1, 15, 15], "texture": "#3"},
				"west": {"uv": [1, 1, 15, 15], "texture": "#3"},
				"up": {"uv": [1, 1, 15, 15], "texture": "#3"},
				"down": {"uv": [1, 1, 15, 15], "texture": "#3"}
			}
		},
		{
			"name": "back",
			"from": [5, 18, 7],
			"to": [11, 21, 10],
			"faces": {
				"north": {"uv": [1, 1, 15, 15], "texture": "#3"},
				"east": {"uv": [1, 1, 15, 15], "texture": "#3"},
				"south": {"uv": [1, 1, 15, 15], "texture": "#3"},
				"west": {"uv": [1, 1, 15, 15], "texture": "#3"},
				"up": {"uv": [1, 1, 15, 15], "texture": "#3"},
				"down": {"uv": [1, 1, 15, 15], "texture": "#3"}
			}
		},
		{
			"name": "front",
			"from": [15, 19, 8],
			"to": [28, 20, 9],
			"faces": {
				"north": {"uv": [1, 1, 15, 15], "texture": "#3"},
				"east": {"uv": [1, 1, 15, 15], "texture": "#3"},
				"south": {"uv": [1, 1, 15, 15], "texture": "#3"},
				"west": {"uv": [1, 1, 15, 15], "texture": "#3"},
				"up": {"uv": [1, 1, 15, 15], "texture": "#3"},
				"down": {"uv": [1, 1, 15, 15], "texture": "#3"}
			}
		}
	],
	"display": {
		"thirdperson_righthand": {
			"rotation": [-6, 3, 90],
			"translation": [12, 6.5, 0.5]
		},
		"thirdperson_lefthand": {
			"rotation": [6, -3, -90],
			"translation": [-12, 6.5, 1]
		},
		"firstperson_righthand": {
			"rotation": [0, 90, 0],
			"translation": [0, -8.5, -1.75]
		},
		"firstperson_lefthand": {
			"rotation": [0, -90, 0],
			"translation": [0, -8.5, -1.75]
		},
		"ground": {
			"translation": [0, -8, 0],
			"scale": [0.5, 0.5, 0.5]
		},
		"gui": {
			"rotation": [38, 48, 33],
			"translation": [1.25, -7, 11],
			"scale": [0.75, 0.75, 0.75]
		},
		"head": {
			"rotation": [0, 90, 0],
			"translation": [0, -4.75, 0]
		},
		"fixed": {
			"rotation": [0, 0, 45],
			"translation": [4.25, -11.5, -1.25]
		}
	},
	"groups": [
		0,
		{
			"name": "hilt",
			"origin": [0, 0, 0],
			"color": 0,
			"children": [1, 2, 3, 4, 5]
		},
		{
			"name": "blade",
			"origin": [8, 8, 8],
			"color": 0,
			"children": [6, 7, 8]
		}
	]
}