{
	"credit": "Made with Blockbench",
	"texture_size": [64, 64],
	"textures": {
		"0": "custom/heater_shield",
		"particle": "custom/heater_shield"
	},
	"elements": [
		{
			"name": "meow_0",
			"from": [7.5, 0, 7],
			"to": [8.5, 27, 8],
			"rotation": {"angle": 0, "axis": "y", "origin": [-24, 0, -24]},
			"faces": {
				"north": {"uv": [2.75, 0, 2.5, 6.75], "texture": "#0"},
				"east": {"uv": [2.5, 0, 2.75, 6.75], "texture": "#0"},
				"south": {"uv": [2.5, 0, 2.75, 6.75], "texture": "#0"},
				"west": {"uv": [2.5, 0, 2.75, 6.75], "texture": "#0"},
				"up": {"uv": [2.5, 0, 2.75, 0.25], "texture": "#0"},
				"down": {"uv": [2.5, 6.5, 2.75, 6.75], "texture": "#0"}
			}
		},
		{
			"name": "meow_1",
			"from": [4.5, 3, 7],
			"to": [7.5, 26, 8],
			"rotation": {"angle": 0, "axis": "y", "origin": [-24, 0, -24]},
			"faces": {
				"north": {"uv": [2.5, 0.25, 1.75, 6], "texture": "#0"},
				"east": {"uv": [2.25, 0.25, 2.5, 6], "texture": "#0"},
				"south": {"uv": [1.75, 0.25, 2.5, 6], "texture": "#0"},
				"west": {"uv": [1.75, 0.25, 2, 6], "texture": "#0"},
				"up": {"uv": [1.75, 0.25, 2.5, 0.5], "texture": "#0"},
				"down": {"uv": [1.75, 5.75, 2.5, 6], "texture": "#0"}
			}
		},
		{
			"name": "meow_2",
			"from": [8.5, 3, 7],
			"to": [11.5, 26, 8],
			"rotation": {"angle": 0, "axis": "y", "origin": [-24, 0, -24]},
			"faces": {
				"north": {"uv": [3.5, 0.25, 2.75, 6], "texture": "#0"},
				"east": {"uv": [3.25, 0.25, 3.5, 6], "texture": "#0"},
				"south": {"uv": [2.75, 0.25, 3.5, 6], "texture": "#0"},
				"west": {"uv": [2.75, 0.25, 3, 6], "texture": "#0"},
				"up": {"uv": [2.75, 0.25, 3.5, 0.5], "texture": "#0"},
				"down": {"uv": [2.75, 5.75, 3.5, 6], "texture": "#0"}
			}
		},
		{
			"name": "meow_3",
			"from": [-0.5, 10, 7],
			"to": [4.5, 25, 8],
			"rotation": {"angle": 0, "axis": "y", "origin": [-24, 0, -24]},
			"faces": {
				"north": {"uv": [1.75, 0.5, 0.5, 4.25], "texture": "#0"},
				"east": {"uv": [1.5, 0.5, 1.75, 4.25], "texture": "#0"},
				"south": {"uv": [0.5, 0.5, 1.75, 4.25], "texture": "#0"},
				"west": {"uv": [0.5, 0.5, 0.75, 4.25], "texture": "#0"},
				"up": {"uv": [0.5, 0.5, 1.75, 0.75], "texture": "#0"},
				"down": {"uv": [0.5, 4, 1.75, 4.25], "texture": "#0"}
			}
		},
		{
			"name": "meow_4",
			"from": [11.5, 10, 7],
			"to": [16.5, 25, 8],
			"rotation": {"angle": 0, "axis": "y", "origin": [-24, 0, -24]},
			"faces": {
				"north": {"uv": [4.75, 0.5, 3.5, 4.25], "texture": "#0"},
				"east": {"uv": [4.5, 0.5, 4.75, 4.25], "texture": "#0"},
				"south": {"uv": [3.5, 0.5, 4.75, 4.25], "texture": "#0"},
				"west": {"uv": [3.5, 0.5, 3.75, 4.25], "texture": "#0"},
				"up": {"uv": [3.5, 0.5, 4.75, 0.75], "texture": "#0"},
				"down": {"uv": [3.5, 4, 4.75, 4.25], "texture": "#0"}
			}
		},
		{
			"name": "meow_5",
			"from": [-1.5, 13, 7],
			"to": [-0.5, 24, 8],
			"rotation": {"angle": 0, "axis": "y", "origin": [-24, 0, -24]},
			"faces": {
				"north": {"uv": [0.5, 0.75, 0.25, 3.5], "texture": "#0"},
				"east": {"uv": [0.25, 0.75, 0.5, 3.5], "texture": "#0"},
				"south": {"uv": [0.25, 0.75, 0.5, 3.5], "texture": "#0"},
				"west": {"uv": [0.25, 0.75, 0.5, 3.5], "texture": "#0"},
				"up": {"uv": [0.25, 0.75, 0.5, 1], "texture": "#0"},
				"down": {"uv": [0.25, 3.25, 0.5, 3.5], "texture": "#0"}
			}
		},
		{
			"name": "meow_6",
			"from": [16.5, 13, 7],
			"to": [17.5, 24, 8],
			"rotation": {"angle": 0, "axis": "y", "origin": [-24, 0, -24]},
			"faces": {
				"north": {"uv": [5, 0.75, 4.75, 3.5], "texture": "#0"},
				"east": {"uv": [4.75, 0.75, 5, 3.5], "texture": "#0"},
				"south": {"uv": [4.75, 0.75, 5, 3.5], "texture": "#0"},
				"west": {"uv": [4.75, 0.75, 5, 3.5], "texture": "#0"},
				"up": {"uv": [4.75, 0.75, 5, 1], "texture": "#0"},
				"down": {"uv": [4.75, 3.25, 5, 3.5], "texture": "#0"}
			}
		},
		{
			"name": "meow_7",
			"from": [-2.5, 16, 7],
			"to": [-1.5, 23, 8],
			"rotation": {"angle": 0, "axis": "y", "origin": [-24, 0, -24]},
			"faces": {
				"north": {"uv": [0.25, 1, 0, 2.75], "texture": "#0"},
				"east": {"uv": [0, 1, 0.25, 2.75], "texture": "#0"},
				"south": {"uv": [0, 1, 0.25, 2.75], "texture": "#0"},
				"west": {"uv": [0, 1, 0.25, 2.75], "texture": "#0"},
				"up": {"uv": [0, 1, 0.25, 1.25], "texture": "#0"},
				"down": {"uv": [0, 2.5, 0.25, 2.75], "texture": "#0"}
			}
		},
		{
			"name": "meow_8",
			"from": [17.5, 16, 7],
			"to": [18.5, 23, 8],
			"rotation": {"angle": 0, "axis": "y", "origin": [-24, 0, -24]},
			"faces": {
				"north": {"uv": [5.25, 1, 5, 2.75], "texture": "#0"},
				"east": {"uv": [5, 1, 5.25, 2.75], "texture": "#0"},
				"south": {"uv": [5, 1, 5.25, 2.75], "texture": "#0"},
				"west": {"uv": [5, 1, 5.25, 2.75], "texture": "#0"},
				"up": {"uv": [5, 1, 5.25, 1.25], "texture": "#0"},
				"down": {"uv": [5, 2.5, 5.25, 2.75], "texture": "#0"}
			}
		},
		{
			"name": "meow_11",
			"from": [0.5, 8, 7],
			"to": [4.5, 10, 8],
			"rotation": {"angle": 0, "axis": "y", "origin": [-24, 0, -24]},
			"faces": {
				"north": {"uv": [1.75, 4.25, 0.75, 4.75], "texture": "#0"},
				"east": {"uv": [1.5, 4.25, 1.75, 4.75], "texture": "#0"},
				"south": {"uv": [0.75, 4.25, 1.75, 4.75], "texture": "#0"},
				"west": {"uv": [0.75, 4.25, 1, 4.75], "texture": "#0"},
				"up": {"uv": [0.75, 4.25, 1.75, 4.5], "texture": "#0"},
				"down": {"uv": [0.75, 4.5, 1.75, 4.75], "texture": "#0"}
			}
		},
		{
			"name": "meow_12",
			"from": [11.5, 6, 7],
			"to": [14.5, 10, 8],
			"rotation": {"angle": 0, "axis": "y", "origin": [-24, 0, -24]},
			"faces": {
				"north": {"uv": [4.25, 4.25, 3.5, 5.25], "texture": "#0"},
				"east": {"uv": [4, 4.25, 4.25, 5.25], "texture": "#0"},
				"south": {"uv": [3.5, 4.25, 4.25, 5.25], "texture": "#0"},
				"west": {"uv": [3.5, 4.25, 3.75, 5.25], "texture": "#0"},
				"up": {"uv": [3.5, 4.25, 4.25, 4.5], "texture": "#0"},
				"down": {"uv": [3.5, 5, 4.25, 5.25], "texture": "#0"}
			}
		},
		{
			"name": "meow_13",
			"from": [14.5, 8, 7],
			"to": [15.5, 10, 8],
			"rotation": {"angle": 0, "axis": "y", "origin": [-24, 0, -24]},
			"faces": {
				"north": {"uv": [4.5, 4.25, 4.25, 4.75], "texture": "#0"},
				"east": {"uv": [4.25, 4.25, 4.5, 4.75], "texture": "#0"},
				"south": {"uv": [4.25, 4.25, 4.5, 4.75], "texture": "#0"},
				"west": {"uv": [4.25, 4.25, 4.5, 4.75], "texture": "#0"},
				"up": {"uv": [4.25, 4.25, 4.5, 4.5], "texture": "#0"},
				"down": {"uv": [4.25, 4.5, 4.5, 4.75], "texture": "#0"}
			}
		},
		{
			"name": "meow_14",
			"from": [1.5, 6, 7],
			"to": [4.5, 8, 8],
			"rotation": {"angle": 0, "axis": "y", "origin": [-24, 0, -24]},
			"faces": {
				"north": {"uv": [1.75, 4.75, 1, 5.25], "texture": "#0"},
				"east": {"uv": [1.5, 4.75, 1.75, 5.25], "texture": "#0"},
				"south": {"uv": [1, 4.75, 1.75, 5.25], "texture": "#0"},
				"west": {"uv": [1, 4.75, 1.25, 5.25], "texture": "#0"},
				"up": {"uv": [1, 4.75, 1.75, 5], "texture": "#0"},
				"down": {"uv": [1, 5, 1.75, 5.25], "texture": "#0"}
			}
		},
		{
			"name": "meow_15",
			"from": [2.5, 5, 7],
			"to": [4.5, 6, 8],
			"rotation": {"angle": 0, "axis": "y", "origin": [-24, 0, -24]},
			"faces": {
				"north": {"uv": [1.75, 5.25, 1.25, 5.5], "texture": "#0"},
				"east": {"uv": [1.5, 5.25, 1.75, 5.5], "texture": "#0"},
				"south": {"uv": [1.25, 5.25, 1.75, 5.5], "texture": "#0"},
				"west": {"uv": [1.25, 5.25, 1.5, 5.5], "texture": "#0"},
				"up": {"uv": [1.25, 5.25, 1.75, 5.5], "texture": "#0"},
				"down": {"uv": [1.25, 5.25, 1.75, 5.5], "texture": "#0"}
			}
		},
		{
			"name": "meow_16",
			"from": [11.5, 5, 7],
			"to": [13.5, 6, 8],
			"rotation": {"angle": 0, "axis": "y", "origin": [-24, 0, -24]},
			"faces": {
				"north": {"uv": [4, 5.25, 3.5, 5.5], "texture": "#0"},
				"east": {"uv": [3.75, 5.25, 4, 5.5], "texture": "#0"},
				"south": {"uv": [3.5, 5.25, 4, 5.5], "texture": "#0"},
				"west": {"uv": [3.5, 5.25, 3.75, 5.5], "texture": "#0"},
				"up": {"uv": [3.5, 5.25, 4, 5.5], "texture": "#0"},
				"down": {"uv": [3.5, 5.25, 4, 5.5], "texture": "#0"}
			}
		},
		{
			"name": "meow_17",
			"from": [3.5, 4, 7],
			"to": [4.5, 5, 8],
			"rotation": {"angle": 0, "axis": "y", "origin": [-24, 0, -24]},
			"faces": {
				"north": {"uv": [1.75, 5.5, 1.5, 5.75], "texture": "#0"},
				"east": {"uv": [1.5, 5.5, 1.75, 5.75], "texture": "#0"},
				"south": {"uv": [1.5, 5.5, 1.75, 5.75], "texture": "#0"},
				"west": {"uv": [1.5, 5.5, 1.75, 5.75], "texture": "#0"},
				"up": {"uv": [1.5, 5.5, 1.75, 5.75], "texture": "#0"},
				"down": {"uv": [1.5, 5.5, 1.75, 5.75], "texture": "#0"}
			}
		},
		{
			"name": "meow_18",
			"from": [11.5, 4, 7],
			"to": [12.5, 5, 8],
			"rotation": {"angle": 0, "axis": "y", "origin": [-24, 0, -24]},
			"faces": {
				"north": {"uv": [3.75, 5.5, 3.5, 5.75], "texture": "#0"},
				"east": {"uv": [3.5, 5.5, 3.75, 5.75], "texture": "#0"},
				"south": {"uv": [3.5, 5.5, 3.75, 5.75], "texture": "#0"},
				"west": {"uv": [3.5, 5.5, 3.75, 5.75], "texture": "#0"},
				"up": {"uv": [3.5, 5.5, 3.75, 5.75], "texture": "#0"},
				"down": {"uv": [3.5, 5.5, 3.75, 5.75], "texture": "#0"}
			}
		},
		{
			"name": "meow_19",
			"from": [5.5, 2, 7],
			"to": [7.5, 3, 8],
			"rotation": {"angle": 0, "axis": "y", "origin": [-24, 0, -24]},
			"faces": {
				"north": {"uv": [2.5, 6, 2, 6.25], "texture": "#0"},
				"east": {"uv": [2.25, 6, 2.5, 6.25], "texture": "#0"},
				"south": {"uv": [2, 6, 2.5, 6.25], "texture": "#0"},
				"west": {"uv": [2, 6, 2.25, 6.25], "texture": "#0"},
				"up": {"uv": [2, 6, 2.5, 6.25], "texture": "#0"},
				"down": {"uv": [2, 6, 2.5, 6.25], "texture": "#0"}
			}
		},
		{
			"name": "meow_20",
			"from": [8.5, 2, 7],
			"to": [10.5, 3, 8],
			"rotation": {"angle": 0, "axis": "y", "origin": [-24, 0, -24]},
			"faces": {
				"north": {"uv": [3.25, 6, 2.75, 6.25], "texture": "#0"},
				"east": {"uv": [3, 6, 3.25, 6.25], "texture": "#0"},
				"south": {"uv": [2.75, 6, 3.25, 6.25], "texture": "#0"},
				"west": {"uv": [2.75, 6, 3, 6.25], "texture": "#0"},
				"up": {"uv": [2.75, 6, 3.25, 6.25], "texture": "#0"},
				"down": {"uv": [2.75, 6, 3.25, 6.25], "texture": "#0"}
			}
		},
		{
			"name": "meow_21",
			"from": [6.5, 1, 7],
			"to": [7.5, 2, 8],
			"rotation": {"angle": 0, "axis": "y", "origin": [-24, 0, -24]},
			"faces": {
				"north": {"uv": [2.5, 6.25, 2.25, 6.5], "texture": "#0"},
				"east": {"uv": [2.25, 6.25, 2.5, 6.5], "texture": "#0"},
				"south": {"uv": [2.25, 6.25, 2.5, 6.5], "texture": "#0"},
				"west": {"uv": [2.25, 6.25, 2.5, 6.5], "texture": "#0"},
				"up": {"uv": [2.25, 6.25, 2.5, 6.5], "texture": "#0"},
				"down": {"uv": [2.25, 6.25, 2.5, 6.5], "texture": "#0"}
			}
		},
		{
			"name": "meow_22",
			"from": [8.5, 1, 7],
			"to": [9.5, 2, 8],
			"rotation": {"angle": 0, "axis": "y", "origin": [-24, 0, -24]},
			"faces": {
				"north": {"uv": [3, 6.25, 2.75, 6.5], "texture": "#0"},
				"east": {"uv": [2.75, 6.25, 3, 6.5], "texture": "#0"},
				"south": {"uv": [2.75, 6.25, 3, 6.5], "texture": "#0"},
				"west": {"uv": [2.75, 6.25, 3, 6.5], "texture": "#0"},
				"up": {"uv": [2.75, 6.25, 3, 6.5], "texture": "#0"},
				"down": {"uv": [2.75, 6.25, 3, 6.5], "texture": "#0"}
			}
		},
		{
			"name": "meow_23",
			"from": [4.5, 3, 8],
			"to": [11.5, 26, 9],
			"rotation": {"angle": 0, "axis": "y", "origin": [-24, 0, -24]},
			"faces": {
				"north": {"uv": [3.5, 7, 1.75, 12.75], "texture": "#0"},
				"east": {"uv": [3.25, 7, 3.5, 12.75], "texture": "#0"},
				"south": {"uv": [1.75, 7, 3.5, 12.75], "texture": "#0"},
				"west": {"uv": [1.75, 7, 2, 12.75], "texture": "#0"},
				"up": {"uv": [1.75, 7, 3.5, 7.25], "texture": "#0"},
				"down": {"uv": [1.75, 12.5, 3.5, 12.75], "texture": "#0"}
			}
		},
		{
			"name": "meow_24",
			"from": [-0.5, 10, 8],
			"to": [4.5, 25, 9],
			"rotation": {"angle": 0, "axis": "y", "origin": [-24, 0, -24]},
			"faces": {
				"north": {"uv": [1.75, 7.25, 0.5, 11], "texture": "#0"},
				"east": {"uv": [1.5, 7.25, 1.75, 11], "texture": "#0"},
				"south": {"uv": [0.5, 7.25, 1.75, 11], "texture": "#0"},
				"west": {"uv": [0.5, 7.25, 0.75, 11], "texture": "#0"},
				"up": {"uv": [0.5, 7.25, 1.75, 7.5], "texture": "#0"},
				"down": {"uv": [0.5, 10.75, 1.75, 11], "texture": "#0"}
			}
		},
		{
			"name": "meow_25",
			"from": [11.5, 10, 8],
			"to": [16.5, 25, 9],
			"rotation": {"angle": 0, "axis": "y", "origin": [-24, 0, -24]},
			"faces": {
				"north": {"uv": [4.75, 7.25, 3.5, 11], "texture": "#0"},
				"east": {"uv": [4.5, 7.25, 4.75, 11], "texture": "#0"},
				"south": {"uv": [3.5, 7.25, 4.75, 11], "texture": "#0"},
				"west": {"uv": [3.5, 7.25, 3.75, 11], "texture": "#0"},
				"up": {"uv": [3.5, 7.25, 4.75, 7.5], "texture": "#0"},
				"down": {"uv": [3.5, 10.75, 4.75, 11], "texture": "#0"}
			}
		},
		{
			"name": "meow_26",
			"from": [-1.5, 13, 8],
			"to": [-0.5, 24, 9],
			"rotation": {"angle": 0, "axis": "y", "origin": [-24, 0, -24]},
			"faces": {
				"north": {"uv": [0.5, 7.5, 0.25, 10.25], "texture": "#0"},
				"east": {"uv": [0.25, 7.5, 0.5, 10.25], "texture": "#0"},
				"south": {"uv": [0.25, 7.5, 0.5, 10.25], "texture": "#0"},
				"west": {"uv": [0.25, 7.5, 0.5, 10.25], "texture": "#0"},
				"up": {"uv": [0.25, 7.5, 0.5, 7.75], "texture": "#0"},
				"down": {"uv": [0.25, 10, 0.5, 10.25], "texture": "#0"}
			}
		},
		{
			"name": "meow_27",
			"from": [16.5, 13, 8],
			"to": [17.5, 24, 9],
			"rotation": {"angle": 0, "axis": "y", "origin": [-24, 0, -24]},
			"faces": {
				"north": {"uv": [5, 7.5, 4.75, 10.25], "texture": "#0"},
				"east": {"uv": [4.75, 7.5, 5, 10.25], "texture": "#0"},
				"south": {"uv": [4.75, 7.5, 5, 10.25], "texture": "#0"},
				"west": {"uv": [4.75, 7.5, 5, 10.25], "texture": "#0"},
				"up": {"uv": [4.75, 7.5, 5, 7.75], "texture": "#0"},
				"down": {"uv": [4.75, 10, 5, 10.25], "texture": "#0"}
			}
		},
		{
			"name": "meow_28",
			"from": [-2.5, 16, 8],
			"to": [-1.5, 23, 9],
			"rotation": {"angle": 0, "axis": "y", "origin": [-24, 0, -24]},
			"faces": {
				"north": {"uv": [0.25, 7.75, 0, 9.5], "texture": "#0"},
				"east": {"uv": [0, 7.75, 0.25, 9.5], "texture": "#0"},
				"south": {"uv": [0, 7.75, 0.25, 9.5], "texture": "#0"},
				"west": {"uv": [0, 7.75, 0.25, 9.5], "texture": "#0"},
				"up": {"uv": [0, 7.75, 0.25, 8], "texture": "#0"},
				"down": {"uv": [0, 9.25, 0.25, 9.5], "texture": "#0"}
			}
		},
		{
			"name": "meow_29",
			"from": [17.5, 16, 8],
			"to": [18.5, 23, 9],
			"rotation": {"angle": 0, "axis": "y", "origin": [-24, 0, -24]},
			"faces": {
				"north": {"uv": [5.25, 7.75, 5, 9.5], "texture": "#0"},
				"east": {"uv": [5, 7.75, 5.25, 9.5], "texture": "#0"},
				"south": {"uv": [5, 7.75, 5.25, 9.5], "texture": "#0"},
				"west": {"uv": [5, 7.75, 5.25, 9.5], "texture": "#0"},
				"up": {"uv": [5, 7.75, 5.25, 8], "texture": "#0"},
				"down": {"uv": [5, 9.25, 5.25, 9.5], "texture": "#0"}
			}
		},
		{
			"name": "meow_30",
			"from": [0.5, 8, 8],
			"to": [4.5, 10, 9],
			"rotation": {"angle": 0, "axis": "y", "origin": [-24, 0, -24]},
			"faces": {
				"north": {"uv": [1.75, 11, 0.75, 11.5], "texture": "#0"},
				"east": {"uv": [1.5, 11, 1.75, 11.5], "texture": "#0"},
				"south": {"uv": [0.75, 11, 1.75, 11.5], "texture": "#0"},
				"west": {"uv": [0.75, 11, 1, 11.5], "texture": "#0"},
				"up": {"uv": [0.75, 11, 1.75, 11.25], "texture": "#0"},
				"down": {"uv": [0.75, 11.25, 1.75, 11.5], "texture": "#0"}
			}
		},
		{
			"name": "meow_31",
			"from": [11.5, 6, 8],
			"to": [14.5, 10, 9],
			"rotation": {"angle": 0, "axis": "y", "origin": [-24, 0, -24]},
			"faces": {
				"north": {"uv": [4.25, 11, 3.5, 12], "texture": "#0"},
				"east": {"uv": [4, 11, 4.25, 12], "texture": "#0"},
				"south": {"uv": [3.5, 11, 4.25, 12], "texture": "#0"},
				"west": {"uv": [3.5, 11, 3.75, 12], "texture": "#0"},
				"up": {"uv": [3.5, 11, 4.25, 11.25], "texture": "#0"},
				"down": {"uv": [3.5, 11.75, 4.25, 12], "texture": "#0"}
			}
		},
		{
			"name": "meow_32",
			"from": [14.5, 8, 8],
			"to": [15.5, 10, 9],
			"rotation": {"angle": 0, "axis": "y", "origin": [-24, 0, -24]},
			"faces": {
				"north": {"uv": [4.5, 11, 4.25, 11.5], "texture": "#0"},
				"east": {"uv": [4.25, 11, 4.5, 11.5], "texture": "#0"},
				"south": {"uv": [4.25, 11, 4.5, 11.5], "texture": "#0"},
				"west": {"uv": [4.25, 11, 4.5, 11.5], "texture": "#0"},
				"up": {"uv": [4.25, 11, 4.5, 11.25], "texture": "#0"},
				"down": {"uv": [4.25, 11.25, 4.5, 11.5], "texture": "#0"}
			}
		},
		{
			"name": "meow_33",
			"from": [1.5, 6, 8],
			"to": [4.5, 8, 9],
			"rotation": {"angle": 0, "axis": "y", "origin": [-24, 0, -24]},
			"faces": {
				"north": {"uv": [1.75, 11.5, 1, 12], "texture": "#0"},
				"east": {"uv": [1.5, 11.5, 1.75, 12], "texture": "#0"},
				"south": {"uv": [1, 11.5, 1.75, 12], "texture": "#0"},
				"west": {"uv": [1, 11.5, 1.25, 12], "texture": "#0"},
				"up": {"uv": [1, 11.5, 1.75, 11.75], "texture": "#0"},
				"down": {"uv": [1, 11.75, 1.75, 12], "texture": "#0"}
			}
		},
		{
			"name": "meow_34",
			"from": [2.5, 5, 8],
			"to": [4.5, 6, 9],
			"rotation": {"angle": 0, "axis": "y", "origin": [-24, 0, -24]},
			"faces": {
				"north": {"uv": [1.75, 12, 1.25, 12.25], "texture": "#0"},
				"east": {"uv": [1.5, 12, 1.75, 12.25], "texture": "#0"},
				"south": {"uv": [1.25, 12, 1.75, 12.25], "texture": "#0"},
				"west": {"uv": [1.25, 12, 1.5, 12.25], "texture": "#0"},
				"up": {"uv": [1.25, 12, 1.75, 12.25], "texture": "#0"},
				"down": {"uv": [1.25, 12, 1.75, 12.25], "texture": "#0"}
			}
		},
		{
			"name": "meow_35",
			"from": [11.5, 5, 8],
			"to": [13.5, 6, 9],
			"rotation": {"angle": 0, "axis": "y", "origin": [-24, 0, -24]},
			"faces": {
				"north": {"uv": [4, 12, 3.5, 12.25], "texture": "#0"},
				"east": {"uv": [3.75, 12, 4, 12.25], "texture": "#0"},
				"south": {"uv": [3.5, 12, 4, 12.25], "texture": "#0"},
				"west": {"uv": [3.5, 12, 3.75, 12.25], "texture": "#0"},
				"up": {"uv": [3.5, 12, 4, 12.25], "texture": "#0"},
				"down": {"uv": [3.5, 12, 4, 12.25], "texture": "#0"}
			}
		},
		{
			"name": "meow_36",
			"from": [3.5, 4, 8],
			"to": [4.5, 5, 9],
			"rotation": {"angle": 0, "axis": "y", "origin": [-24, 0, -24]},
			"faces": {
				"north": {"uv": [1.75, 12.25, 1.5, 12.5], "texture": "#0"},
				"east": {"uv": [1.5, 12.25, 1.75, 12.5], "texture": "#0"},
				"south": {"uv": [1.5, 12.25, 1.75, 12.5], "texture": "#0"},
				"west": {"uv": [1.5, 12.25, 1.75, 12.5], "texture": "#0"},
				"up": {"uv": [1.5, 12.25, 1.75, 12.5], "texture": "#0"},
				"down": {"uv": [1.5, 12.25, 1.75, 12.5], "texture": "#0"}
			}
		},
		{
			"name": "meow_37",
			"from": [11.5, 4, 8],
			"to": [12.5, 5, 9],
			"rotation": {"angle": 0, "axis": "y", "origin": [-24, 0, -24]},
			"faces": {
				"north": {"uv": [3.75, 12.25, 3.5, 12.5], "texture": "#0"},
				"east": {"uv": [3.5, 12.25, 3.75, 12.5], "texture": "#0"},
				"south": {"uv": [3.5, 12.25, 3.75, 12.5], "texture": "#0"},
				"west": {"uv": [3.5, 12.25, 3.75, 12.5], "texture": "#0"},
				"up": {"uv": [3.5, 12.25, 3.75, 12.5], "texture": "#0"},
				"down": {"uv": [3.5, 12.25, 3.75, 12.5], "texture": "#0"}
			}
		},
		{
			"name": "meow_38",
			"from": [5.5, 2, 8],
			"to": [10.5, 3, 9],
			"rotation": {"angle": 0, "axis": "y", "origin": [-24, 0, -24]},
			"faces": {
				"north": {"uv": [3.25, 12.75, 2, 13], "texture": "#0"},
				"east": {"uv": [3, 12.75, 3.25, 13], "texture": "#0"},
				"south": {"uv": [2, 12.75, 3.25, 13], "texture": "#0"},
				"west": {"uv": [2, 12.75, 2.25, 13], "texture": "#0"},
				"up": {"uv": [2, 12.75, 3.25, 13], "texture": "#0"},
				"down": {"uv": [2, 12.75, 3.25, 13], "texture": "#0"}
			}
		},
		{
			"name": "meow_39",
			"from": [6.5, 1, 8],
			"to": [9.5, 2, 9],
			"rotation": {"angle": 0, "axis": "y", "origin": [-24, 0, -24]},
			"faces": {
				"north": {"uv": [3, 13, 2.25, 13.25], "texture": "#0"},
				"east": {"uv": [2.75, 13, 3, 13.25], "texture": "#0"},
				"south": {"uv": [2.25, 13, 3, 13.25], "texture": "#0"},
				"west": {"uv": [2.25, 13, 2.5, 13.25], "texture": "#0"},
				"up": {"uv": [2.25, 13, 3, 13.25], "texture": "#0"},
				"down": {"uv": [2.25, 13, 3, 13.25], "texture": "#0"}
			}
		},
		{
			"name": "meow_40",
			"from": [7.5, 0, 8],
			"to": [8.5, 1, 9],
			"rotation": {"angle": 0, "axis": "y", "origin": [-24, 0, -24]},
			"faces": {
				"north": {"uv": [2.75, 13.25, 2.5, 13.5], "texture": "#0"},
				"east": {"uv": [2.5, 13.25, 2.75, 13.5], "texture": "#0"},
				"south": {"uv": [2.5, 13.25, 2.75, 13.5], "texture": "#0"},
				"west": {"uv": [2.5, 13.25, 2.75, 13.5], "texture": "#0"},
				"up": {"uv": [2.5, 13.25, 2.75, 13.5], "texture": "#0"},
				"down": {"uv": [2.5, 13.25, 2.75, 13.5], "texture": "#0"}
			}
		},
		{
			"name": "handle",
			"from": [4.5, 13, 9],
			"to": [7.5, 18, 14],
			"faces": {
				"north": {"uv": [13.25, 2, 14.5, 2.75], "rotation": 270, "texture": "#0"},
				"east": {"uv": [12, 2, 13.25, 3.25], "rotation": 90, "texture": "#0"},
				"south": {"uv": [12, 6, 13.25, 6.75], "rotation": 90, "texture": "#0"},
				"west": {"uv": [12, 3.25, 13.25, 4.5], "rotation": 90, "texture": "#0"},
				"up": {"uv": [12, 4.5, 13.25, 5.25], "rotation": 90, "texture": "#0"},
				"down": {"uv": [12, 5.25, 13.25, 6], "rotation": 90, "texture": "#0"}
			}
		},
		{
			"name": "handle",
			"from": [8.5, 13, 9],
			"to": [11.5, 18, 14],
			"faces": {
				"north": {"uv": [12, 6, 13.25, 6.75], "rotation": 270, "texture": "#0"},
				"east": {"uv": [12, 2, 13.25, 3.25], "rotation": 90, "texture": "#0"},
				"south": {"uv": [12, 5.25, 13.25, 6], "rotation": 90, "texture": "#0"},
				"west": {"uv": [12, 3.25, 13.25, 4.5], "rotation": 90, "texture": "#0"},
				"up": {"uv": [12, 4.5, 13.25, 5.25], "rotation": 90, "texture": "#0"},
				"down": {"uv": [13.25, 2, 14.5, 2.75], "rotation": 90, "texture": "#0"}
			}
		},
		{
			"from": [7.5, 26, 8],
			"to": [8.5, 27, 9],
			"faces": {
				"north": {"uv": [0.75, 0.5, 1, 0.75], "texture": "#0"},
				"east": {"uv": [0.75, 0.5, 1, 0.75], "texture": "#0"},
				"south": {"uv": [0.75, 0.5, 1, 0.75], "texture": "#0"},
				"west": {"uv": [0.75, 0.5, 1, 0.75], "texture": "#0"},
				"up": {"uv": [0.75, 0.5, 1, 0.75], "texture": "#0"},
				"down": {"uv": [0.75, 0.5, 1, 0.75], "texture": "#0"}
			}
		}
	],
	"gui_light": "front",
	"display": {
		"thirdperson_righthand": {
			"rotation": [45, -45, -15],
			"translation": [2.25, 0, -4.25],
			"scale": [0.75, 0.75, 0.75]
		},
		"thirdperson_lefthand": {
			"rotation": [45, -45, -15],
			"translation": [2.25, 0, -4.25],
			"scale": [0.75, 0.75, 0.75]
		},
		"firstperson_righthand": {
			"rotation": [-5, -5, 0],
			"translation": [1.25, -4, 0],
			"scale": [0.75, 0.75, 0.75]
		},
		"firstperson_lefthand": {
			"rotation": [-5, -5, 0],
			"translation": [1.25, -4, 0],
			"scale": [0.75, 0.75, 0.75]
		},
		"ground": {
			"translation": [0, 0.25, 0],
			"scale": [0.25, 0.25, 0.25]
		},
		"gui": {
			"rotation": [180, 35, -170],
			"translation": [-1, -3.25, 0],
			"scale": [0.6, 0.6, 0.8]
		},
		"head": {
			"translation": [0, -6, -7],
			"scale": [0.75, 0.75, 0.75]
		},
		"fixed": {
			"translation": [0, -4.25, 0],
			"scale": [0.75, 0.75, 0.75]
		}
	},
	"groups": [
		{
			"name": "shield",
			"origin": [8, 8, 8],
			"color": 0,
			"children": [0, 1, 2, 3, 4, 5, 6, 7, 8, 9, 10, 11, 12, 13, 14, 15, 16, 17, 18, 19, 20, 21, 22, 23, 24, 25, 26, 27, 28, 29, 30, 31, 32, 33, 34, 35, 36, 37, 38]
		},
		{
			"name": "iron_round_shield",
			"origin": [8, 8, 8],
			"color": 0,
			"children": [39, 40]
		},
		41
	]
}